	index	aa_sequence	uniprot_accession	uniprot_name	uniprot_ec
0	0	MSKPFIWQEPFLQNKDGTEYTLISDQHITVTELDGEEVIKIAPEALTLLARQAFYEASFFLRSAHLQQVASILNDQQASSNDKYVALQLLRNAEVSAKGVLPNCQDTGTATIVASKGQQIWTGGNDAEALSKGIYSTFQENNLRFSQNAPLDMYTEVNTQTNLPAQIDISAVAGDEYHFLCVNKGGGSANKAALYQETKSLLQPEKLTAFLIEKMKSLGTAACPPYHIAFVVGGLSADQTLKIAKLASTKYYDNLPTSGNEQGQAFRDIELEKVLLEASQQFGIGAQFGGKYFAHDIRVIRLPRHGGSCPIAMALSCSADRNIKAKINKHGIWLEKLEHNPGQYIPASLREENHAQHVQLDLNRPLRDVMQDLARLPVGTRVSLSGPIVVARDIAHAKIKARLDSGEPMPEYLKHHIVYYAGPAKTPENMACGSLGPTTGGRMDGYIDTFQAAGGSLVMLSKGNRSQQVTDACHKHGGFNLGSIGGAAALLAQEYVKSLRCLEYPELGMEAVWMMEVENLPAFILVDDKGNNFFSQFEQQHRCASCPAGH	Q8X999		
0	1	MSNKPFHYQAPFPLKKDDTEYYLLTSEHVSVSEFEGQEILKVAPEALTLLARQAFHDASFMLRPAHQQQVADILRDPEASENDKYVALQFLRNSDIAAKGVLPTCQDTGTAIIVGKKGQRVWTGGGDEAALARGVYNTYIEDNLRYSQNAPLDMYKEVNTGTNLPAQIDLYAVDGDEYKFLCIAKGGGSANKTYLYQETKALLTPGKLKNYLVEKMRTLGTAACPPYHIAFVIGGTSAETNLKTVKLASAKYYDELPTEGNEHGQAFRDVELEKELLIEAQNLGLGAQFGGKYFAHDIRVIRLPRHGASCPVGMGVSCSADRNIKAKINRQGIWIEKLEHNPGKYIPEELRKAGEGEAVRVDLNRPMKEILAQLSQYPVSTRLSLNGTIIVGRDIAHAKLKERMDNGEGLPQYIKDHPIYYAGPAKTPEGYASGSLGPTTAGRMDSYVDQLQAQGGSMIMLAKGNRSQQVTDACKKHGGFYLGSIGGPAAVLAQGSIKSLECVEYPELGMEAIWKIEVEDFPAFILVDDKGNDFFQQIQLTQCTRCVK	P0AC33		
0	2	MAMVQAYRRISGGSVVCADSLRLTTCWRYFSTGFREERDTFGPIQVPSDKLWGAQTQRSLQNFEIGGDRERMPEPIIRSFGILKKCAAKVNMEYGLDPSIGKAIMEAAQEVAEGKLNDHFPLVVWQTGSGTQSNMNANEVIANRAAEILGHKRGDKFVHPNDHVNRSQSSNDTFPTVMHIAAATEINSRLIPKLKQLHTSLQAKTNEFSDIVKIGRTHTQDATPLTLGQEFSGYTTQVKYGIDRVICTLPRMYQLAQGGTAVGTGLNTKKGFDVKIAAAVADETRLPFVTAENKFEALAAHDAFVEASGALNTIAASLMKIANDIRFLGSGPRCSLGELILPENEPGSSIMPGKVNPTQCEALTMVCAQAIGNHVALTVGGSNGHFELNVFKPMIASSLLHSIRLLADASASFEKNCVRGIQANKDRISKLLHESLMLVTSLNPKIGYDNAAAVAKTAHKQGCTLKEAALQLGVLTSEEFEQLVVPEKMIGPTD	A0A251UH44		
0	3	MVQAFRRTPGGSAIVADSVRFITCWRHFSTAFREERDTFGPIQVPSDKLWGAQTQRSLQNFEIGGDRERMPEPIIRSFGILKKCAAKVNMEYGLDPSIGKAIMEAAQEVAEGKLNDHFPLVIWQTGSGTQSNMNANEVIANRAAEILGHKRGDKFVHPNDHVNRSQSSNDTFPTVMHIAAATEINSRLIPKLKQLHTALQAKTNEFSDIVKIGRTHTQDATPLTLGQEFSGYTTQVKYGIDRVMCTLPRLYQLAQGGTAVGTGLNTKKGFDVKIAAAVADETRLPFITAENKFEALAAHDAFVEASGALNTIATSLMKIANDIRFLGSGPRCGLGELILPENEPGSSIMPGKVNPTQCEALTMVCAQAIGNHVALTVGGSNGHFELNVFKPMIASTLLHSIRLLADASASFEKNCVSGIQANRERISKLLHESLMLVTSLNPKIGYDNAAAVAKTAHKQGCTLKEAALKLGVLNSEEFDQLVVPEKMIGPSD	A0A251UZF1		
0	4	MSNKPFIYQAPFPMGKDNTEYYLLTSDYVSVADFDGETILKVEPEALTLLAQQAFHDASFMLRPAHQKQVAAILHDPEASENDKYVALQFLRNSEIAAKGVLPTCQDTGTAIIVGKKGQRVWTGGGDEETLSKGVYNTYIEDNLRYSQNAALDMYKEVNTGTNLPAQIDLYAVDGDEYKFLCVAKGGGSANKTYLYQETKALLTPGKLKNFLVEKMRTLGTAACPPYHIAFVIGGTSAETNLKTVKLASAHYYDELPTEGNEHGQAFRDVQLEQELLEEAQKLGLGAQFGGKYFAHDIRVIRLPRHGASCPVGMGVSCSADRNIKAKINREGIWIEKLEHNPGQYIPQELRQAGEGEAVKVDLNRPMKEILAQLSQYPVSTRLSLTGTIIVGRDIAHAKLKELIDAGKELPQYIKDHPIYYAGPAKTPAGYPSGSLGPTTAGRMDSYVDLLQSHGGSMIMLAKGNRSQQVTDACHKHGGFYLGSIGGPAAVLAQQSIKHLECVAYPELGMEAIWKIEVEDFPAFILVDDKGNDFFQQIVNKQCANCTK	P14407		
0	5	IPAAPVAAQARKLLRDLAFRPPLLAARSQVVQLTPRRWLNLQEYQSKKLMSDNGVKVQRFFVADTANEALEAAKRLNAKEIVLKAQILAGGRGKGVFSSGLKGGVHLTKDPEVVGQLAKQMIGYNLATKQTPKEGVKVNKVMVAEALDISRETYLAILMDRSCNGPVLVGSPQGGVDIEEVAASNPELIFKEQIDIIEGIKDSQAQRMAENLGFLGPLQNQAADQIKKLYNLFLKIDATQVEVNPFGETPEGQVVCFDAKINFDDNAEFRQKDIFAMDDKSENEPIENEAAKYDLKYIGLDGNIACFVNGAGLAMATCDIIFLNGGKPANFLDLGGGVKESQVYQAFKLLTADPKVEAILVNIFGGIVNCAIIANGITKACRELELKVPLVVRLEGTNVHEAQNILTNSGLPITSAVDLEDAAKKAVASVTKK	P53590		
0	6	MTNNESKGPFEGLLVIDMTHVLNGPFGTQLLCNMGARVIKVEPPGHGDDTRTFGPYVDGQSLYYSFINHGKESVVLDLKNDHDKSIFINMLKQADVLAENFRPGTMEKLGFSWETLQEINPRLIYASSSGFGHTGPLKDAPAYDTIIQAMSGIMMETGYPDAPPVRVGTSLADLCGGVYLFSGIVSALYGREKSQRGAHVDIAMFDATLSFLEHGLMAYIATGKSPQRLGNRHPYMAPFDVFNTQDKPITICCGNDKLFSALCQALELTELVNDPRFSSNILRVQNQAILKQYIERTLKTQAAEVWLARIHEVGVPVAPLLSVAEAIKLPQTQARNMLIEAGGIMMPGNPIKISGCADPHVMPGAATLDQHGEQIRQEFSS	P76518		
0	7	MDHLPMPKFGPLAGLRVVFSGIEIAGPFAGQMFAEWGAEVIWIENVAWADTIRVQPNYPQLSRRNLHALSLNIFKDEGREAFLKLMETTDIFIEASKGPAFARRGITDEVLWQHNPKLVIAHLSGFGQYGTEEYTNLPAYNTIAQAFSGYLIQNGDVDQPMPAFPYTADYFSGLTATTAALAALHKVRETGKGESIDIAMYEVMLRMGQYFMMDYFNGGEMCPRMSKGKDPYYAGCGLYKCADGYIVMELVGITQIEECFKDIGLAHLLGTPEIPEGTQLIHRIECPYGPLVEEKLDAWLATHTIAEVKERFAELNIACAKVLTVPELESNPQYVARESITQWQTMDGRTCKGPNIMPKFKNNPGQIWRGMPSHGMDTAAILKNIGYSENDIQELVSKGLAKVED	P31572		
0	8	MTEHLPMPQFGPLAGVRVVFSGIEIAGPFAGQMFAEWGAEVIWIENVAWADTIRVQPHYPQLSRRNLHALSLNIFKDGGRDAFLKLMETTDIFIEASKGPAFARRGITDEVLWEHNPKLVIAHLSGFGQYGDPQYTNLPAYNTIAQAFSGYLIQNGDKDQPMPAFPYTADYFSGMTATTSALAALYKVQQTGKGESIDIAMYEVMLRMGQYFMMDYFNGGEICPRMTKGKEPYYAGCGLYRCQDGYIVMEVVGITQIEEIFKDIGLAHLLGTPEVPKGTQLIHRINCPHGQLFEDELDEWLANQPITAVLKRLSELNIASAKVLTIPELEGNPQYVARESITQWKTMSGETCKGPNIMPKFKNNPGKIWRGMPAHGMDTNAILKNIGYSDEQIRELVDKGLAKIVE	Q8GB19		
0	9	MDFNLNDEQELFVAGIRELMASENWEAYFAECDRDSVYPERFVKALADMGIDSLLIPEEHGGLDAGFVTLAAVWMELGRLGAPTYVLYQLPGGFNTFLREGTQEQIDKIMAFRGTGKQMWNSAITEPGAGSDVGSLKTTYTRRNGKIYLNGSKCFITSSAYTPYIVVMARDGASPDKPVYTEWFVDMSKPGIKVTKLEKLGLRMDSCCEITFDDVELDEKDMFGREGNGFNRVKEEFDHERFLVALTNYGTAMCAFEDAARYANQRVQFGEAIGRFQLIQEKFAHMAIKLNSMKNMLYEAAWKADNGTITSGDAAMCKYFCANAAFEVVDSAMQVLGGVGIAGNHRISRFWRDLRVDRVSGGSDEMQILTLGRAVLKQYR	P60584		
0	10	MDFRLNDEQELFVDGVRELMASENWEAYFAQCDRESKYPERFVKALADMEIDNLLIPEEHGGLNAGFVTVAAIWMELGRLGAPTYVLYQLPGGFNTVLREGTQEQIDKIMAFRGTGKQMWNSAITEPGAGSDVGSLQTTYTRKNGKVYLNGSKCFITSSAYTPYIVVMSRDAASPDKPIFTEWFVDMSKPGIKVTKLEKLGLRMDSCCEITFDNVELEEKDMFGREGNGFNRVKEEFDHERFLVALTNYGTAMCAFEDAARYANQRVQFGETIGRFQLIQEKFAHMAIKLNSMRNMLYETAWKSDNGLITSGDAAMCKYFCANAAFEVVDSAMQVLGGVGIAGEHRIARFWRDLRVDRVSGGSDEMQILTLGRAVLKQYR	Q8GB20		
0	11	MSESLHLTRNGSILEITLDRPKANAIDAKTSFEMGEVFLNFRDDPQLRVAIITGAGEKFFSAGWDLKAAAEGEAPDADFGPGGFAGLTEIFNLDKPVIAAVNGYAFGGGFELALAADFIVCADNASFALPEAKLGIVPDSGGVLRLPKILPPAIVNEMVMTGRRMGAEEALRWGIVNRVVSQAELMDNARELAQQLVNSAPLAIAALKEIYRTTSEMPVEEAYRYIRSGVLKHYPSVLHSEDAIEGPLAFAEKRDPVWKGR	P31551		
0	12	MAGIKDFPKFGALAGLKILDSGSNIAGPLGGGLLAECGATVIHFEGPKKPDNQRGWYGYPQNHRNQLSMVADIKSEEGRKIFLDLIKWADIWVESSKGGQYDRLGLSDEVIWEVNPKIAIVHVSGYGQTGDPSYVTRASYDAVGQAFSGYMSLNGTTEALKINPYLSDFVCGLTTCWAMLACYVSTILTGKGESVDVAQYEALARIMDGRMIQYATDGVKMPRTGNKDAQAALFSFYTCKDGRTIFIGMTGAEVCKRGFPIIGLPVPGTGDPDFPEGFTGWMIYTPVGQRMEKAMEKYVSEHTMEEVEAEMQAHQIPCQRVYELEDCLNDPHWKARGTITEWDDPMMGHITGLGLINKFKRNPSEIWRGAPLFGMDNRDILKDLGYDDAKIDELYEQGIVNEFDLDTTIKRYRLDEVIPHMRKKEE	P19413		
0	13	MRFYIKTFGCQMNENDSEAMAGLLVKEGFTPASSPEEADVVIINTCAVRRKSEEKAYSELGQVLKLKKKKKIVVGVAGCVAEKEREKFLEKGADFVLGTRAVPRVTEAVKKALEGEKVALFEDHLDEYTHELPRIRTSRHHAWVTIIHGCDRFCTYCIVPYTRGRERSRPMADILEEVKKLAEQGYREVTFLGQNVDAYGKDLKDGSSLAKLLEEASKIEGIERIWFLTSYPTDFSDELIEVIAKNPKVAKSVHLPVQSGSNRILKLMNRRYTKEEYLALLEKIRSKVPEVAISSDIIVGFPTETEEDFMETVDLVEKAQFERLNLAIYSPREGTVAWKYYKDDVPYEEKVRRMQFLMNLQKRINRKLNERYRGKTVRIIVEAQAKNGLFYGRDIRNKIIAFEGEDWMIGRFADVKVEKITAGPLYGKVVWVEKTPSPVSSSE	Q9WZC1		
0	14	MAHRPRWTLSQVTELFEKPLLDLLFEAQQVHRQHFDPRQVQVSTLLSIKTGACPEDCKYCPQSSRYKTGLEAERLMEVEQVLESARKAKAAGSTRFCMGAAWKNPHERDMPYLEQMVQGVKAMGLEACMTLGTLSESQAQRLANAGLDYYNHNLDTSPEFYGNIITTRTYQERLDTLEKVRDAGIKVCSGGIVGLGETVKDRAGLLLQLANLPTPPESVPINMLVKVKGTPLADNDDVDAFDFIRTIAVARIMMPTSYVRLSAGREQMNEQTQAMCFMAGANSIFYGCKLLTTPNPEEDKDLQLFRKLGLNPQQTAVLAGDNEQQQRLEQALMTPDTDEYYNAAAL	P12996		
0	15	MHSRSALLYRFLRPASRCFSSSSAVTPVTVTQSPKSLEALRARLANESPSLTDFIHGDTYSVEVGTKKKPLPKPKWMKESIPGGERYVQIKKKLRDLKLHTVCEEAKCPNLGECWSGGETGTATATIMILGDTCTRGCRFCNVKTSRTPPPPDPNEPNNVAEAIASWGVDYVVITSVDRDDLPDQGSGHFAETVQRLKFLKPEMLIEALVPDFRGDGGCVEKVSKSGLDVLAHNIETVEELQSFVRDHRANFKQSLDVLRMAKEYAPAGTLTKTSVMLGCGETPDQVVKTMEKVRAAGVDVMTFGQYMRPSKRHMPVAEYVTPDAFERYRLLGMEMGFRYVASGPMVRSSYKAGEYYIKSMIEADRVASPSTSP	Q9ZWT1		
0	16	MTAPALSATAPAERCAHPGADLGAAVHAVGQTLAAGGLVPPDEAGTTARHLVRLAVRYGNSPFTPLEEARHDLGVDRDAFRRLLALFGQVPELRTAVETGPAGAYWKNTLLPLEQRGVFDAALARKPVFPYSVGLYPGPTCMFRCHFCVRVTGARYDPSALDAGNAMFRSVIDEIPAGNPSAMYFSGGLEPLTNPGLGSLAAHATDHGLRPTVYTNSFALTERTLERQPGLWGLHAIRTSLYGLNDEEYEQTTGKKAAFRRVRENLRRFQQLRAERESPINLGFAYIVLPGRASRLLDLVDFIADLNDAGQGRTIDFVNIREDYSGRDDGKLPQEERAELQEALNAFEERVRERTPGLHIDYGYALNSLRTGADAELLRIKPATMRPTAHPQVAVQVDLLGDVYLYREAGFPDLDGATRYIAGRVTPDTSLTEVVRDFVERGGEVAAVDGDEYFMDGFDQVVTARLNQLERDAADGWEEARGFLR	Q9ZGH1		
0	17	MRRVDESRLSWSYSGVALNSEHGADLGVPLVPPPAVTPSPAALRRVLRRARDGVALNVDEAAIAMTARGDDLADLCASAARVRDAGLTTAGRRGPNGRLPVSYSRKVFIPVTHLCRDTCHYCTFVTVPGKLRAQGMGMYMEPDEILDVARQGAELGCKEALFTLGDRPEDRWEEARQWLDERGYDSTLDYVRAMAIRVLEETGLLPHLNPGVMSWSELSRLKPVAPSMGMMLETTSRRLFETKGEAHYGSPDKDPAVRLRTLDDAGRLSIPFTTGLLVGIGETLAERAETMHAIRRSHKEFGHVQEVIVQNFRAKDRTAMASTPDADIDDFLATVAVTRLVLGPKMRIQAPPNLVSRDECLALIGAGVDDWGGVSPLTPDHVNPERPWPALDELADVTAEAGYDLVQRLTAQPQYVQAGAAWIDPRVRAHVDALADPDTGYALDVNPSGLPWQEPDEASESLGRTDLHTAIDAEGRLTDTRSDLDSAFGDWESIREKVSELAARAPERIDTDVLSALRSAERNPGGCSDDEYLALATADGPALEAVTALADSLRRDAVGDDVTFVVNRNINFTNICYTGCRFCAFAQRKGDADAYSLSVDEVADRAWEAHVAGATEVCMQGGIDPELPVTGYADLVRAVKKRVPSMHVHAFSPMEIANGVTRSGMSIREWLTVLREAGLDTIPGTAAEILDDEVRWVLTKGKLPTSMWIEVITTAHEVGLRSSSTMMYGHVDQPRHWVGHLNVIKSIQDRTGGFTEFVPLPFVHQSSPLYLAGGSRPGPTHRDNRAVHALARIMLHGRIDHIQTSWVKLGIERTQVMLRGGANDLGGTLMEETISRMAGSENGSAKTVEELVAIAEGIGRPARQRTTTYAPLAA	A0R2I4		
0	18	MISREEAINFLNSTSSKDILDKLAQINNTFKREYITYSKNVFIPLSKWCRNKCGYCIFREDKPSLMKPNEVKEILLKGDRLGCREALFTFGEHVDENKEIKEQLKSMGYDNILEYLYDLEEWTLNNTSLLPHTNCGILNYDELKMLKDVNASMGLMLENASERLMNTIAHKHSPGKHPKLRIEMIENAGKLKIPFTTGLLIGIGETNEEIVDSLFKIKEIHEKYGHIQEVIIQNFRAKKGIPMENFKEPSPIKMLKVIILAKLILDDISIQIPPNLNRETGQLFLLAGVDDWGGVSPLTRDYVNPEAEWPEIKELREWTEELGLKLKMRLPVYDKYISEEWLSEKVYNKIIEMGWLKE	Q57888		
0	19				
0	20	MKRHRSNSNPPTPPPSPDSDSDHHPAGQLVEVPVLPRSMSRSHLSPRNPGPVHVSGRANSVLKGGEPPYYVGLRKVAEDPYDELGNPDGVIQLGLDENKLALDLVRDWLLENAKDAILGGEELGISGIACYQPSDGLMELKLAVAGFMSKAIGNSVTYNPSQIVLTAGATPAIEILSFCLADSGNAFLVPAPYYPGLDRDVKWRTGVEIIPVPCRSADKFNLSITALDRAFNQAKKRGVKVRGIIISNPSNPGGSLLTRESLYNLLDFAREKNIHIISNELFAGSTYGSEEFVSMAEIVDLEDLDQNRVHIVYGISKDLSLPGFRVGAIYSFNKNVLTAAKKLTRFSSISAPSQRLLISMLSDTKFMHKFIEINRERLRGMYLRFVTGLKQLGIECTKSNGGFYCWADLSGLIRSYSEKGELELWDRLLNVGKLNVTPGSSCHCIEPGWFRFCFTTLTEKDIPVVIERIRNIAETCKSHS	Q6U5H3	1-aminocyclopropane-1-carboxylate synthase	
0	21	MVAISKIATGNGHGEDSPYFDGWKAYETNPFHPIDRPDGVIQMGLAENQLCFNFIKKWVMEHPEASLCSAEGVNKFKETALFQDYHGMPEFREAVAKFMGKVRGGRVKFDPDRIVMSGGATGAHEMVAFCLADPGEAFLVPTPYYPGFDRDLSWRTGVELVPVVCESSNNFKITRAALEAAYEKAKEANLRVKGLLITNPSNPLGTILDQDTLKGIVKFINEKNIHLIGDEIYAATVFMEPEFVSISEIIEEVECNRDLIHIVYSLSKDMGFPGFRVGIVYSYNDAVVSCARKMSSFGLVSSQTQHLIAKMLSDDDFVDRFIVESKEQLLKRHKYFTLSLSQVGIGSLKSNAGLFIWMDLRKLLKEKTFDAEMDLWRVIINEVKLNVSPGSSFHCDEPGWFRVCFANMDDNTMEVALLRITTFMHKHNEAMVPRKLCRRASLKLSLSRRRDDFMSPNMMSPHSPIPQSPLVRART	A9NIT9	1-aminocyclopropane-1-carboxylate synthase	
0	22	MVKDGVGCAMFNNKGNLPVPLSTMATAKTHGEESPYFTGWKEYDKNPYDPQSNPSGIIQMGLAENQVSFDLLEAWLDEHPEASICQEGKTTFRDTALHQDYHGLPAFREALARFMEEVRGGKVRFDPDRIVLTAGATAASELLMFCLANPGEAFLVPTPYYPGFDRDLRWRTGVEIIPVHCHSSNDFQVTSSALEEAYREAEQRNISVKGILVTNPSNPLGTTLERKTLENLLSFASEKNIHLICDEIYSGSVFLPPDFVSIAEVLQTSGRPNDSDRVHIVYSLSKDLGLPGFRVGAIYSYNDTVVSTARRMSSFSLVSSQTQHFLACMLSDEDFTKKYIEANKKRLRKRHRIMVSGLQKAGINCLKSNAGLFCWVNLTQLLPSENLDGEIKLWETILYEMGLNVSPGSSCHCIEPGWFRVCFANMSEHTLQVSLQRIQGFMDSKQN	A2IA37	ACC synthase	
0	23	MKILIDNPTQQSTPLPARGDSLSSLAICKSHWEDSPYFDGWKEYARNPYHPINNSSGIIQMALAENQLSLDLLENWLYTHPEASIWAEEGVSRFREIASYQDNLGLPACRTAIAMFMEEVGGRKAKFERDRIVLTAGAIAAHEVLTFCLADPGEAFLVPTPYYPGFDRDLKWRTGVELIPVHCSSCNDFQITIPALEAAYQQARARNITVKGLLIINPSNPLGTTMDTSTLRNLLSFVYEKNIHLVCDEIYSGSVFSHPKFTSIAEILATDKISQTDRVHIVYSLYKDLGLPDFQVGIIYSYNDTVVTAARRMSSFSMVSSQTQHLIASMLPDTEFVREYLAENSKRLRKRHEMFVSGLRVAGINCLNSNAGLFCWADLRHLLQSHDQEGEIRLWKIILKEIGLNVSPGSSCHCSEPGWFKFCFANMNDQTVQESLNRIQLFMESKK	A2IA38	ACC synthase	
0	24	MCKPTTQRQQQANPRMPARGVCLSSLATSKAHGEDSPYFDGWKEYDANPYHPTDNPSGVIQMGLAENQLSFDLLESWLLAHPKASICAEEGVSRFKEIALYQDYHGLPACRKAIAKFMEEVGGRKAMFEKDRIVLTAGATAAHEVLTFCLADPGEAFLVPTPYYPGFDRDLRWRTGVELIPVHCSSDNDFQITIPALEAAYQNARDRNIQVKGLLITNPSNPLGTTMDATALRKLLAFVSGKNIHLVCDEIYSGSVFSSPKSTSIAEILATDKTYQSERVHIIYSLSKDLGLPGFRVGVIYSYNDTVVTAARRMSSFSLVSSQTQHLLASMLSDMEFVRKYLAENSKRLQKRHEMFVSGLRLAGINCLNSNGALFCWVDLRHLLESHDQEGEVILWKIVLKEIGLNVSPGSSCHCSEFGWFRFCFANMTDQIVKESLNRIQLFMKSRRSNQLYDEGGAYQKKPLNADEASEEFNFTGKYSTIEVDNGSLRSMNVHSSGCLRLEEATRSEVPQQELKDGVY	A2IA39	ACC synthase	
0	25	MCKPTTQRQQQANPRMPARGVCLSSLATSKAHGEVSPYFDGWKEYDANPYHPTDNPSGIIQMGLAENQLSFDLLESWLLAHPKASICAEEGVSRFKEIALYQDYHGLPACRKAIAKFMEEVGGRKAMFEKDRIVLTAGATAAHEVLTFCLADPGEAFLVPTPYYPGFDRDLRWRTGVELIPVHCSSDNDFQITIPALEAAYQNARDRNIQVKGLLITNPSNPLGTTMDATALRKLLAFVSGKNIHLVCDEIYSGSVFSSPKFTSIAEILATDKTYQSERVHIIYSLSKDLGLPGFRVGVIYSYNDTVVTAARRMSSFSLVSPQTQHLLASMLSDMEFVRKYLAENSKRLQKRHEMFVSGLRLAGINCLNSNGALFCWVDLRHLLESHDQEGEIILWKIVLKEIGLNVSPGSSCHCSEFGWFRFCFANMTDQIVKESLDRIQLFMKSRRSNQLYDEGGAYQKKPLNADEASEEFNFTGRYSAIEVDNGSLRSMNVHSSGCLRLEEATRSEVPQQELKDGVY	A2IA40	ACC synthase	
0	26	MTHDNSTHSTSSRSRIEEDRQREEDRAGSPGAGAVMRVIIPLQGVVQGRGGVVLGSVIPCALFYFLQLYLKRHRSERAPRDEVPPPPRRPSSSHPKPVLVSSRALHVIEDENSPYYMGWKAYKQNPYDAENNPSGVIQMGLAENQLSLDLIEGWLKSHPEVSSWEGISDTPLSLRGISGYQDHHGMPILRSVMADFMHEVMKVPFNPDQIVLTAGATPAIEMLGFCLAEPGNAFLVPSPYYPSFTRDLKWRAGVELVPVPCRSSDNFNVTINALDRAFSQTKKRRLTVRALLISNPSNPVGTTLDSATLSMLLGFATEKNIHLICDEIYAGSVYDSPNFISIAKVLDSGEFDKSRVHIIYGTSKDLCLPGFRVGVIYSYNDKVLKAARKMSRFCAVSSQTQHLLIAMLSDTQFIQQYMTENQRRLGKMSHVLTEGLKEAGIKYVKSNAGLYCWVEMGNLMPSYSEKGEINLWDKLLNETKINVTPGSACHCIEPGWFRICFSTLSCQDMTVALQRIREFSKHCKRSS	A2IA41	ACC synthase-like	
0	27	MKISNDNPTRRQPQEVTTALPARGDSLSSLAMSKPHWEDSPYFDGWKEYARNPYHPINDPSGIIQMDLAENQLSLGLLESWLYTHPEASIWTEEGLSMFREIASYHDNLGLPACRKGIAMFMEEVGGRKAKFERDRIVLTAGATAAHEVLTFCLVDPGEAFLVPTPYYPRFDRDLKWRTGVDLIPVQCSSCNDFQITIPALEAAYEQARARNIEVKGLLITNPSNPLGTTMENSTLRNLLAFVYEKNIHLVCDEIYSGSVFSSPKFTSIAEILATEKICQTDRVHIVYSFYEDLGLPSFRVGVIYSYNDTVVTAARRMSRFSLVSSQTQHLIASMLCDTDFVRKYLTENSKRLRERHEMFVSGLRVAGINCLNSNTGLFCWVDLRHLLQFRNQEGEIILWTIILKEIGLIVSAGSSCHCSEPGWFRFCFANMDDQTVQESLNRIHLFVESKTPNQRGMAG	A2IA42	ACC synthase	
0	28	MCKPTTQRQQQANPRMPARGVCLSSLATSKAHGEVSPYFDGWKEYDANPYHPTDNPSGIIQMGLAENQLSFDLLESWLLAHPKASICAEEGVSRFKEIALYQDYHGLPACRKAIAKFMEEVGGRKAMFEKDRIVLAAGATAAHEVLTFCLADPGEAFLVPTPYYPGFDRDLRWRTGVELIPVHCSSDNDFQITIPALEAAYQNARDRNIQVKGLLITNPSNPLGTTMDATALRKLLAFVSGKNIHLVCDEIYSGSVFSSPKFTSIAEILATDKTYQSERVHIIYSLSKDLGLPGFRVGVIYSYNDTVVTAARRMSSFSLVSPQTQHLLASMLSDMEFVRKYLAENSKRLQKRHEMFVSGLRLAGINCLNSNGALFCWVDLRHLLESHDQEGEIILWKIV	A2IA43	Truncated ACC synthase	
0	29	MTHDNNTHSSSSSSSRNIIEEDRQRAEDREGGIGAGAGMRIIVPLQGVVQGRGGFVLGSVIPCALFYFLQLYLKRHRSERTPREELPPPPRRPSKSPPKPVLASSRALHVIEDENSPYNRGWQAYKENPYDAESNPDGVIQMGLADNQLSWDLIEGWLKSHPEVSSWEGMSDTSLSLRGIAGYQEIHGMPILRSVMAEFMCELMNAPFNPDQIVLTAGATAAIEILGFCLAEPGNAFLVPSPYYPSFCKDVKWRAGVELVPVPCRSSDNFNVTINALDRAFSQTKKRGLTVRALLISNPCNPVGNTLDSATLSMLLGFATEKNIHLVCDEIYAGSVYDSPNFTSIANVVDSGEFDKSRVHIIYGTSKDLCLPGFRVGVIYSYNDKVCKAAQKMSRFCSISSQTQHLLTAMLSDTKFMQLYKIENQRRLGERYHVLTKGLEEAGMKYVKSNAGLYCWVDMGYLMPSYSEKGELNLWDKLLNEAKINVTPGSACYCIEPGWFRICFGTLSSQDLTVALQRIQEFSKRCKRSP	A2IA44	ACC synthase-like	
0	30	MKLLSEKATCNSHGQDSSYFLGWQEYEKNPYDEIQNPKGIIQMGLAENQLSFDLLESWLAQNPDAAGFKRNGESIFRELALFQDYHGLPAFKNAMTKFMSEIRGNRVSFDSNNLVLTAGATSANETLMFCLANQGDAFLLPTPYYPGFDRDLKWRTGAEIVPIHCSSSNGFRITESALEEAYLDAKKRNLKVKGVLVTNPSNPLGTTLNRNELELLLTFIDEKGIHLISDEIYSGTVFNSPGFVSVMEVLIEKNYMKTRVWERVHIVYSLSKDLGLPGFRIGAIYSNDEMVVSAATKMSSFGLVSSQTQYLLSCMLSDKKFTKKYISENQKRLKKRHAMLVKGLKSAGINCLESNAGLFCWVDMRHLLSSNNFDAEMDLWKKIVYDVGLNISPGSSCHCTEPGWFRVCFANMSEDTLDLAMRRIKDFVESTAPNATNHQNQQQSNANSKKKSFSKWVFRLSFNDRQRER	Q42881		
0	31	MGFEIAKTNSILSKLATNEEHGENSPYFDGWKAYDSDPFHPLKNPNGVIQMGLAENQLCLDLIEDWIKRNPKGSICSEGIKSFKAIANFQDYHGLPEFRKAIAKFMEKTRGGRVRFDPERVVMAGGATGANETIIFCLADPGDAFLVPSPYYPAFNRDLRWRTGVQLIPIHCESSNNFKITSKAVKEAYENAQKSNIKVKGLILTNPSNPLGTTLDKDTLKSVLSFTNQHNIHLVCDEIYAATVFDTPQFVSIAEILDEQEMTYCNKDLVHIVYSLSKDMGLPGFRVGIIYSFNDDVVNCARKMSSFGLVSTQTQYFLAAMLSDEKFVDNFLRESAMRLGKRHKHFTNGLEVVGIKCLKNNAGLFCWMDLRPLLRESTFDSEMSLWRVIINDVKLNVSPGSSFECQEPGWFRVCFANMDDGTVDIALARIRRFVGVEKSGDKSSSMEKKQQWKKNNLRLSFSKRMYDESVLSPLSSPIPPSPLVR	P18485		
0	32	MGLPGKNKGAVLSKIATNNQHGENSEYFDGWKAYDKDPFHLSRNPHGIIQMGLAENQLCLDLIKDWVKENPEASICTLEGIHQFSDIANFQDYHGLKKFRQAIAHFMGKARGGRVTFDPERVVMSGGATGANETIMFCLADPGDVFLIPSPYYAAFDRDLRWRTGVEIIPVPCSSSDNFKLTVDAAEWAYKKAQESNKKVKGLILTNPSNPLGTMLDKDTLTNLVRFVTRKNIHLVVDEIYAATVFAGGDFVSVAEVVNDVDISEVNVDLIHIVYSLSKDMGLPGFRVGIVYSFNDSVVSCARKMSSFGLVSSQTQLMLASMLSDDQFVDNFLMESSRRLGIRHKVFTTGIKKADIACLTSNAGLFAWMDLRHLLRDRNSFESEIELWHIIIDRVKLNVSPGSSFRCTEPGWFRICFANMDDDTLHVALGRIQDFVSKNKNKIVEKASENDQVIQNKSAKKLKWTQTNLRLSFRRLYEDGLSSPGIMSPHSPLLRA	Q06402		
0	33	MGLGDSEQQLLSRMATNGGHGENSSYFDGWKAYDRDPYHPTQNPEGVIPDQMGLAENLLCHDLIEEWIRKNPAASICTEEGVSQFRAVANFQDYHGLPFFRQAVAKFMEKVRGERVRFDPDRIVMSGGATGAQETLAFCLADPGDAFLIPVPYYPAFDRDFCWRTRARLLPIQCDSSNSFNITPSALEAAYINAQKSNIRVKGILVSNPSNPLGTTMDKQTLQSLLRFANEKRIHLICDEIFSGTVYKPPHFISLSEVVEADQAAFDRDLVHVVYSLSKDLGLPGFRVGIIYSYNDAVVQCARKMSSFGLVSSQTQHLLGCMLADEEFTSKYLAENARRLKERHGVFTDGLARVGIRCLDGNGGLFCWMDLRSLLKEATVEGELELWRVIINEVKLNVSPGSSFHCGEPG	A0JBY6	ACC synthase	
0	34	MKMLSTKATCNSHGQDSSYFLGWEAYEKNPFDETSNPNGIIQMGLAENQLSFDLLESWLTKNPDAASFKRDGKSIFRELALFQDYHGLPAFKKALVEFMAEIRGNKVTFEANNIVLTAGATSANETLMFCLAEAGDAFLLPTPYYPGFDRDLKWRTGVEIVPIHCTSSNGFQVTQPALEQAYQEAQARNLRVKGVLVTNPSNPLGTTMTRNELDLVFDFITSKGIHLISDEIYSGTVFGSPGFVSAMEVLKERSNEDEEVWKRVHIVYSLSKDLGLPGFRVGAIYSNDEMVVAAATKMSSFGLVSSQTHYLLSAMLSDKKFTRTYISENQKRLKQRQKMLVSGLEKAGIKCLESSAGLFCWVDMRHLLESDTFECELKLWKKIVYEVGLNISPGSSCHCTEPGWFRVCFANMSQSTLKLAIRRLKSFVQELRSVSTPNVSTTTTNIHDSKFSKNIKKNIFTKWVFRQSVQDQANRKLHYER	O82125	ACC synthase	
0	35	GLAENQLTADLVQNWIMSNPEASICTLEGVHNFKHMANFQDYHGLPEFRNAVAKFMSRTRGNRVTFDPDRIVMSGGATGAHEVTAFCLADPGDAFLVPTPYYPGFDRDLRWRTGVKLVPVICESSNNFKLTRQALEEAYEKAKEDNIRIKGLLITNPSNPLGTVMDRTTLRTVVNFINQKRIHLISDEIYAATVFSHPSFISVAEIIEQDTDIECDRDLIHIIYSLSKDMGFPGFRVGIIYSYNDSVVNCARKMSSFGLVSTQTQYLMTKVLSDDEFVERFLGESAKRLAQRYRIFTGGLVKVGIKCLQSNGGLFVWMDLRDLLKKPTFESELELWRVIIHEVKINVSPGCSFHCSEAGWFRVCYANMDDRALQIALQRIRSFVLQKNKEVMVSDKNSKPCWHSNLKLSLKSRRFEDIMMSLILQFLQSPLVQATT	Q2EN04	1-aminocyclopropane-1-carboxylate synthase	4.4.1.14
0	36	MVSQVVAEEKPQLLSKKAGCNSHGQDSSYFLGWQEYEKNPFDPVSNPSGIIQMGLAENQLSFDLLEEWLEKNPHALGLRREGGGASVFRELALFQDYHGLPAFKNALARFMSEQRGYKVVFDPSNIVLTAGATSANEALMFCLADHGDAFLIPTPYYPGFDRDLKWRTGAEIVPVHCASANGFRVTRPALDDAYRRAQKRRLRVKGVLITNPSNPLGTASPRADLETIVDFVAAKGIHLISDEIYAGTAFAEPPAGFVSALEVVAGRDGGGADVSDRVHVVYSLSKDLGLPGFRVGAIYSANAAVVSAATKMSSFGLVSSQTQYLLAALLGDRDFTRSYVAENKRRIKERHDQLVDGLREIGIGCLPSNAGLFCWVDMSHLMRSRSFAGEMELWKKVVFEVGLNISPGSSCHCREPGWFRVCFANMSAKTLDVAMQRLRSFVDSATGGGDNAALRRAAVPVRSVSCPLAIKWALRLTPSIADRKAER	Q10DK7		
0	37	MAIEIEQLSVGLSKIAVFDTHGEDSPYFAGWKAYDEDPYNQSTNPSGAIQMGLAENQVSFDLLEKYLEEHSEASNWGSKGVPCFRENALFQDYHGLVTFRKAMASFMGQIRGERAKFDPDRIVLTAGATAANELLTFIIADPGDALLVPTPYYPGFDRDLRWRTGVNIVPIHCDSSNNFQITPQALEAAYKDTEAKNMRVRGVLITNPSNPLGATIQRVVLEEILDFVTSKNIHLVSDEIYSGSAFSSSAFVSMAEILEARQYKNSERVHIVYSLSKDLGLPGFRIGTVYSYNDKVVTTARRMSSFTLISSQTQHLLASMLSDKEFTENYIKTNRERLRKRYDMIIEGLKKAGIECLKGNAGLFCWMNLSPLLEKPTRGGELALWDSMLHEVKLNISPGSSCHCSEPGWFRVCFANMSEQTLEVALKRIHNFMERRERSWNLFSSL	B2XCJ8	1-aminocyclopropane 1-carboxylate synthase 3	
0	38	MGSSSATANRLLLSKIATSEGHGENSPYFDGWKAYDRNPFHSTKNPEGVIQMGLAENQLSFDLIEAWIKKNPKASICTPEGVEEFRNVAIFQDYHGFPEFRKAVAMFMSKARGGRVTFDPNRVVMSGGATGANELVMFCLADPGDAFLVPSPYYPAFYRDLGWRAGVQIVPVDCDSSNNFKITKEALAAAYEKAQKNNINVKGLIITNPSNPLGTTLDRDTLESLVEFINQKNIHLVCDEIYAATVFSSPTFTCISEVIQNMNCNPNLIHIVYSLSKDMGLPGLRVGIVYSYNDDVVNIGRKMSSFGLVSSQTQHMLASMLLDEEFVARFLETSSKRLAKRHGVFTKGLEEVGINCLKSNAGLFCWMDLRRLLKDQTFDGEMVLWRVIVNEVGLNVSPGSSFKCVEPGWFRVCFANMDDETVDVALKRIRTSVRQGKKAQDQVVQVKSPKRWKSNLRLSFSSSSTRRFDQESVNVLSPHMMSPHSPLVRAKT	B2XCK1	1-aminocyclopropane 1-carboxylate synthase 4	
0	39	MTHDNSTHSRSGRSRIEEDRQREEDRARGRGTGAVMRVIVPLQGVVQGRGGVVLGSVIPCALFYFLQLYLKRHRSERAPREEVPPPPRRPSRSPRKPALVSSRALHVIEDENSPYYRGWQAYKENPYDAEHNPDGIIQMGLAENQLSLDLIEGWLKSHPEVSSWEGISDTPLSLRGIASHQDYYGMPILRSVMADFMCEVMKAPFNPDQIVLTAGATPAIEMLGFCLADPGNAFLVPSPYYPAFCRDLKWRAGVELVPVPCRSSDNFNVTINALDRAFSQTKKRRLTVRALLISNPSNPVGNILDSATLTMLLEFATEKNIHLVCDEIYAGSVYDSPNFTSIAKVLESGEFDKSRVHIIYGTSKDLCLPGFRVGVIYSYNDKVLKAAQQMSRFCSVSSQTQHLLINMLSDAQFIQQYLSENQRRLRKASLVLTEGLKEAGIKYVKSNAGLYCWVEMGSLMPSYSEKGELNLWDKLLNEAKINVTPGSACYCIEPGWFRICFSTLSCQDMTVALRRIQEFSKRRKRSL	Q06IN7	1-aminocyclopropane-1-carboxylate synthase	4.4.1.14
0	40	MDLKSMRQQTQILSKIATNDGHGENSAYFDGWKAYDNNPFHPKHNPQGVIQMGLAENQLCFDLIKNWVLNNPKASICTPQGAEEFKDIAIYQDYHGLPEFRTAVARFMEKVRGDTVKFDPDRIVMSGGATGAHEILAFCLVDPGEAFLVPTPYYPGFDRDLRWRTGVQLYPVVCESSNDFKVTRTALESAYKKAQEDNIRVKGLLINNPSNPLGTVLDRDTLHDIVRFVNDKNIHLVCDEIYAATVFSQPEFISIAQIIQEVQCNPDRIHIVYSLSKDLGFPGFRVGIIYSYNDAVVSCARKMSSFGLVSTQTQHLIAAMLSDKEFVENFILESSERLRKRHESFTRGLAQVGIETLKSNGGLFVWMNLRNLLKEPTFAAELELWKMIINEMKLNVSPGCSFHCQEAGWFRVCFANMDDETMRVALMRIRTSVLQWKGMEAAAAASAKKQKQCRRNLKVSLSFRRGLEDCMISSPHSPMNSPLVQATN	Q307X1	1-aminocyclopropane-1-carboxylate synthase	
0	41	MGLISKIATNDGHGENSAYFDGWKAYENDPFHPTQNPNGVIQMGLAENQLCFDLIQEWIVNNPKASI	Q94LA1	ACC synthase	
0	42	FQDYHGLLSFRTAMAGFMEEIRGGRAKFDPNRVVLTAGATAANELLTFILANPGDALLVPTPYYPGFDRDLRWRTGVKIVPIHCDSSNNFQITPKALEEAYNTAMAMKIKVRGVLITNPSNPLGATIQRSTIEEILDFVTRKNIHLVSDEIYSGSVFSSAEFTSVAEVLESRGYKNAERVHIVYSLSKDLGLPGFRIGTIYSYNDKVVTTARRMSSFR	B2WR82	1-aminocyclopropane-1-carboxylate synthase	4.4.1.14
0	43	MVLVSPNNAKKLLSKLAKGNGHGEDSPYFDGWKAYDSDPFHPTMNPRGVIQMGLAENQLSFEFVEKWMKNNPQASICTLEGVYEFKDVAIFQDYHGLPEFRKAVANFMGKVRGNRVKFDPDRVVMSGGATGAHETVAFCLADPGEAFLVPVPYYPGFDRDLRWRTGVEIVPVICESSNNFKLTREALETAYEEAEKSNIKIKGLLITNPSNPLGTVYDRQTLETAVAFINEKNIHLVCDEIYAATVFAEPGFISISEVIDNDDIDCDRNLIHVVYSLSKDMGFPGFRVGIIYSYNDAVVACARKMSSFGLVSSQTQHLIASMLSDDAFVDSFLAGSAEKLAARHRNFTKGLAQVGIGYLKGSGGLFLWMDLRHLLKEKTLEAEMALWRVIINEVKLNVSPGSSFHCSEPGWFRVCFANMDDNTMDISITRIRNFVLQNKEVTTKIKKQKFCWRQSSLELRLSSRRLEDIMSPHSPLPQSPMLRATT	B2WR79	1-aminocyclopropane-1-carboxylate synthase	4.4.1.14
0	44	FQDYHGLPAFKKALVEFMAEIRGNKVTFEANNIVLTAGATSANETLMFCLAEAGDAFLLPTPYYPGFDRDLKWRTGVEIVPIHCTSSNGFQVTKSALEQAYKEAQTRNLRVKGVLVTNPSNPLGTTMTRHELDLVFDFITSKGIHLISDEIYSGTVFGSPGFVSAMEVLRERSSEDEEVWKRVHIVYSLSKDLGLPGFRVGAIYSNDQMVVAAATKMSSFG	B2WR80	1-aminocyclopropane-1-carboxylate synthase	4.4.1.14
0	45	MGFHQIGERNQVLLSKIAINDGHGEDSPYFDGWKAYDNDPFHPENNPLGVIQMGLAENQLSSDLIVDWIRKHPKASICTDEGLESFKVIANYQDYHGLLEFRNAIASFMGKARGGRVKFDPSRIVMGGGATGASETVIFCLADPGDAFLVPSPYYAAFDRDLQWRTRAQIIPVHCHSSNNFQIRKEALEAAYKKAQEANIKVKGVIITNPSNPLGTTYDRDTLKSLVNFVNDNNIHLICDEIYSATVFKSPSFTSIAEIIEEMEHCNKELIHILYSLSKDMGLPGFRVGILYSYNDNVVSTGRKMSSFGLVSSQTQHLLAAMLSDEEFVDNFLAENSKRLAKRHHRFTKELEKMGITCLNGNAGLFVWMDLRKLLKDQSFKSEMELWRVIINEVKLNVSPGSSFHVTEPGWFRVCFANMDDNTVDVALDRIHSFVGKNDKKEDNITLTMPPKTKRRENKLRLNFSFSGGRYEEGNVLNSPHMMSPHSPLVRAHN	B2WR81	1-aminocyclopropane-1-carboxylate synthase	4.4.1.14
0	46	MGFTVSNQQQLLSKMATGNGHSENSPYFDGWKAYDSNPFHPTKNPNGVIQMGLAENQVCFDLIEEWVLKNPEASICPAAGVNEFKDIAIFQDYHGLPEFRNAVANFMGKARGNQVTFDPDRIVMSGGATGAHEMIAFCLADPRDAFLVPVPYYPGFDRDLGWRTGVQLIPVACESSNSFKVTRAALEAAYEKAQKDNIRVKGLLITNPSNPLGTVLDRETLRSLVAFINEKKIHLVCDEIYAATVFSQPSFISIAEIIEDDIECDRNLVHIVYSLSKDMGFPGFRVGIVYSYNDAVVNCARKMSSFGLVSAQTQHLIASMLSDNDFVDRFIAQSAKRLKARHMRFTMGLAQVGTSCLKSNGGLFLWMDLHKLLKEQTFEAEMALWHTIIHEVKLNVSPGSSFHCPEPGWFRVCFANMDDMTMEIALTRIRTFVLQDKEAVAPRKNNRFWQSSLRLSFQSRRKDDIMMSPCMMSPQSPLVRAMT	B2XCK2	1-aminocyclopropane 1-carboxylate synthase 5	
0	47	MCMLSTKATCNSHGQDSSYFLGWQEYEKNPYHEVQNTKGIIQMGLAENQLSFDILESWLAKNPDAAGFKRSGESIFAELALFQDYHGLPAFKKALVDFMAEIRGNKVTFDPNHLVLTAGATSANETLIFCLANPGEAVLIPTPYYPGFDRDLKWRTGVEIVPIHCTSSNGFQITETALQEAYQAAQKRNLRVKGVLVTNPSNPLGTTMTRSELNLLLSFVEDKGIHLISDEIYSGTVFSSPSFTSVMEVLKERKCDENSPMWNRVHVVYSLSKDLGLPGFRVGAIYSNDDMVVAAATKMSSFGLISSQTQYLLSAMLSDKKLTKNYISENQKRLKQRQKRLVSGLQKAGISCLKGNAGLFCWVDMRHLLRSNTFEAEMELWKKIVYEVRLNISPGSSCHCTEPGWFRVCFANLSEKTLDLAMHRLKAFVGEYFNVPDTNGRSQTNHSRRRSLTKWVFRLSFDDRSPVPGR	B2XCJ7	1-aminocyclopropane 1-carboxylate synthase 1	
0	48	MEFTRKNRQLLSRIATNDRHGENSPYFDGWKAYDSSPFHPIHNPDGVIQMGLAENPLSFDLIEKWIRENPDASICTAEGLDKFKHIAIYQDYHGLREFREAVAKFMGRVGGSRVTFDPNRIVMSGGATGANETVIFCLADPGDAFLVPSPYYAGFARDLRWRTGVEIVPVHCKSSNNFRITRAALEEAYEKAQRSNINIKGVIITNPSNPLGTVLDKETLRSIVSFVTDKNIHLVSDEXYAATVFSSPRFISVAEVMQDMDCNRDLIHIVYSLSKDMGFPGFRVGIVYSFNDDVTNCARKMSSFGLVSSQTQFLLASMLSDDEFVGNFLRESSKRLAKRHHVFTKGLEEVGISTIKSNAGLFFWMDMRQLLKEQTTKAEIELWRVIINKVKLNVSPGSSFQCSEPGWFRVCFANMDDKTVEVALDRIREFVLQGKEETKLEADKSQAQAQRWRKQNLRLSFSSSRLYDESLMSPHMISPHSPIPHSPLVRART	A2IBN7	ACC synthase	
0	49	MGFHQIDERNQALLSKIALDDGHGENSPYFDGWKAYDNDPFHPENNPLGVIQMGLAENQLSFDMIVDWIRKHPEASICTPEGLERFKSIANFQDYHGLPEFRNAIANFMGKVRGGRVKFDPSRIVMGGGATGASETVIFCLADPGDAFLVPSPYYAGFDRDLKWRTRAQIIRVHCNGSNNFQVTKAALEIAYKKAQEANMKVKGVIITNPSNPLGTTYDRDTLKTLVTFVNQHDIHLICDEIYSATVFKAPTFTSIAEIVEQMEHCKKELIHILYSLSKDMGLPGFRVGIIYSYNDVVVRRARQMSSFGLVSSQTQHLLAAMLSDEDFVDKFLAENSKRVGERHARFTKELDKMGITCLNSNAGVFVWMDLRRLLKDQTFKAEMELWRVIINEVKLNVSPGSSFHVTEPGWFRVCFANMDDNTVDVALNRIHSFVENIDKKEDNTVAMPSKTRHRDNKLRLSFSFSGRRYDEGNVLNSPHTMSPHSPLVIAKN	P23279		
0	50	MGFMSTDQQKQLLSKMATGNGHGEDSPYFDGWKAYDSNPFHLNNNPNGVIQMGLVENLLSFDVIQEWVLNNPKASICTPEGINEFRDTAIFQDYHGFPEFRNAIAKFMGKVGGGRVTFDPDRIVMSGGATGAHEILAFCLADPGDAFLVPTPYYPGYDRDLRWRTGAQLLPVQCDSSNNFMVTISALELAYQKAQDANIKVKGLIINNPSNPLGTVLNGETLKTIVNFINEKNIHLVCDEIYAATVFCQPRFISIAEIINDMDGVNRNLIHIVYSLSKDMGFPGFRVGIVYSYNDAVVSCARKMSSFGLVSTQTQHLIASMLSDEHFTERYIVESAKKLAERQRRFTRGLAQVGINFLKSNAGLFLWMDLSSLLKEKTVEEELTLWRVIINEVKLNVSPGSSFHCSEPGWFRVCFANMDDATMEVALRRIRTFALKAKEADVPRKKQSWQNNNLRFSFKSGKYDDVLLSPRMMSPCMRSPHSPIPQSPLVRA	K0E1C1	1-aminocyclopropane-1-carboxylate synthase	4.4.1.14
0	51	MAIDIEQQQQPSPGLSKIAVSDTHGEDSPYFAGWKTYDENPYHESSNPSGVIQMGLAENQVSFDLLENHLEENCEASTWGSKGSKGVSGFRENALFQDYHGLLSFRKAMASFMEQIRGGRAKFDPARVVLTAGATAANELLTFVIADPGDALLVPTPYYPGFDRDLRWRTGVNIVPIHCESSNNFQITPQALEAAYKEAEAKNMRVRGVLFTNPSNPLGATIQRTVLEEILDFVTQKNIHLVSDEIYSGSAFSSSEFISVAEILEDRQYKDAERVHIVYSLSKDLGLPGFRVGTVYSYNDKVVTTARRMSSFTLISSQTQHLLASMLSDKEFTGNYINTNRERLRRRYDMIVEGLKKSGIECLKGNAGLFCWMNLSPFLDEPTRECELTLWDSMLHEVKLNISPGSSCHCSEPGWFRVCFANMSEQTLGVALTRIHNFMEKRERAC	H6WRD6	1-aminocyclopropane-1-carboxylic acid synthase	
0	52	MLLRSRFLKVIHVRKQLSACSRFAIQTQTRCKSTDASEDEVKHFQELAPTWWDTDGSQRILHKMNLTRLDFVQRTVRNQVKIQNPEIFVPGFNYKEFLPEYVCDNIQREMQESIETNLDKRPEVSVLDVGCGGGILSESLARLKWVKNVQGIDLTRDCIMVAKEHAKKDPMLEGKINYECKALEDVTGQFDIITCMEMLEHVDMPSEILRHCWSRLNPEKGILFLSTINRDLISWFTTIFMGENVLKIVPKGTHHLSKYINSKEILAWFNDNYSGQFRLLDLKGTMYLPYQGWVEHDCSDVGNYFMAIQRLN	P27680		
0	53	MWSGRKLGSSGGWFLRVLGPGGCNTKAARPLISSAVYVKNQLSGTLQIKPGVFNEYRTIWFKSYRTIFSCLNRIKSFRYPWARLYSTSQTTVDSGEVKTFLALAHKWWDEQGVYAPLHSMNDLRVPFIRDNLLKTIPNHQPGKPLLGMKILDVGCGGGLLTEPLGRLGASVIGIDPVDENIKTAQCHKSFDPVLDKRIEYRVCSLEEIVEETAETFDAVVASEVVEHVIDLETFLQCCCQVLKPGGSLFITTINKTQLSYALGIVFSEQIASIVPKGTHTWEKFVSPETLESILESNGLSVQTVVGMLYNPFSGYWHWSENTSLNYAAYAVKSRVQEHPASAEFVLKGETEELQANACTNPAVHEKLKK	Q9NZJ6		
0	54	MWRGGRLSSRGVRFLETLGFACPSAVAEPPRVTSWTAFSGNQLTRNLQIKPWEFSGHRTMWLRSYRITFSCLTRLKTYRSSWKKLYSTSQTVDSKEVKTFQALAHSWWDEQGKFAPLHSMNDLRVPFIRDNLLKTSTNHDPGKPLSGMKILDVGCGGGLLTEPLGRLGASVVGIDPVAENIKIAQHHKSFDPVLDKRIQYRVCSLEETLNENAECFDAVVASEVVEHVNNLEMFIQCCYQVLKPGGSLFITTVNKTQLSYVLGIVFSEQIAGIVPKGTHTWEKFVSPEKLESILEPNGLSVETVAGMVYNPFSGYWHWTENTSLNYAAHAVRARAQEHLEPAESA	Q63159		
0	55	MNAEKSPVNHNVDHEEIAKFEAVASRWWDLEGEFKPLHRINPLRLSYIAERAGGLFGKKVLDVGCGGGILAESMAREGATVTGLDMGFEPLQVAKLHALESGIQVDYVQETVEEHAAKHAGQYDVVTCMEMLEHVPDPQSVVRACAQLVKPGGDVFFSTLNRNGKSWLMAVVGAEYILRMVPKGTHDVKKFIKPAELLGWVDQTSLKERHITGLHYNPITNTFKLGPGVDVNYMLHTQNK	C3T302		
0	56	MDGTRTSLDIEEYSDTEVQKNQVLTLEEWQDKWVNGKTAFHQEQGHQLLKKHLDTFLKGKSGLRVFFPLCGKAVEMKWFADRGHSVVGVEISELGIQEFFTEQNLSYSEEPITEIPGTKVFKSSSGNISLYCCSIFDLPRTNIGKFDMIWDRGALVAINPGDRKCYADTMFSLLGKKFQYLLCVLSYDPTKHPGPPFYVPHAEIERLFGKICNIRCLEKVDAFEERHKSWGIDCLFEKLYLLTEK	P51580		
0	57	MSLDMKEHPDAEVQKNQVLTLEDWKEKWVTRHISFHQEQGHQLLKKHLDTFLKGQSGLRVFFPLCGKAIEMKWFADRGHTVVGVEISEIGIREFFAEQNLSYTEEPLAEIAGAKVFKSSSGSISLYCCSIFDLPRANIGKFDRIWDRGALVAINPGDHDRYADIILSLLRKEFQYLVAVLSYDPTKHAGPPFYVPSAELKRLFGTKCSMQCLEEVDALEERHKAWGLDYLFEKLYLLTEK	O55060		
0	58	MGSTAETQLTPVQVTDDEAALFAMQLASASVLPMALKSALELDLLEIMAKNGSPMSPTEIASKLPTKNPEAPVMLDRILRLLTSYSVLTCSNRKLSGDGVERIYGLGPVCKYLTKNEDGVSIAALCLMNQDKVLMESWYHLKDAILDGGIPFNKAYGMSAFEYHGTDPRFNKVFNNGMSNHSTITMKKILETYKGFEGLTSLVDVGGGIGATLKMIVSKYPNLKGINFDLPHVIEDAPSHPGIEHVGGDMFVSVPKGDAIFMKWICHDWSDEHCVKFLKNCYESLPEDGKVILAECILPETPDSSLSTKQVVHVDCIMLAHNPGGKERTEKEFEALAKASGFKGIKVVCDAFGVNLIELLKKL	Q9FK25		
0	59	MGSIAAGADEDACMYALQLVSSSILPMTLKNAIELGLLETLMAAGGKFLTPAEVAAKLPSAANPEAPDMVDRMLRLLASYNVVSCRTEDGKDGRLSRRYGAAPVCKYLTPNEDGVSMSALALMNQDKVLMESWYYLKDAVLDGGIPFNKAYGMSAFEYHGTDPRFNRVFNEGMKNHSIIITKKLLESYKGFEGLGTLVDVGGGVGATVAAITAHYPTIKGINFDLPHVISEAPPFPGVTHVGGDMFQKVPSGDAILMKWILHDWSDEHCATLLKNCYDALPAHGKVVLVECILPVNPEATPKAQGVFHVDMIMLAHNPGGRERYEREFEALAKGAGFAAMKTTYIYANAWAIEFTK	Q38J50		
0	60	MGSTAGDVAAVVDEEACMYAMQLASSSILPMTLKNAIELGLLEVLQKEAGGGKAALAPEEVVARMPAAPSDPAAAAAMVDRMLRLLASYDVVRCQMEDRDGRYERRYSAAPVCKWLTPNEDGVSMAALALMNQDKVLMESWYYLKDAVLDGGIPFNKAYGMTAFEYHGTDARFNRVFNEGMKNHSVIITKKLLDFYTGFEGVSTLVDVGGGVGATLHAITSRHPHISGVNFDLPHVISEAPPFPGVRHVGGDMFASVPAGDAILMKWILHDWSDAHCATLLKNCYDALPENGKVIVVECVLPVNTEATPKAQGVFHVDMIMLAHNPGGKERYEREFRELAKGAGFSGFKATYIYANAWAIEFIK	Q06509		
0	61	MGSTGETQMSPAQILDEEANFAMQLISSSVLPMVLKTAIELDLLEIMAKAGPGALLSPSDIASHLPTKNPDAPVMLDRILRLLASYSILICSLRDLPDGKVERLYGLASVCKFLTKNEDGVSVSPLCLMNQDKVLMESWYHLKDAILEGGIPFNKAYGMTAFEYHGTDPRFNKVFNKGMSDHSKIAMKKILETYKGFEGLASLVDVGGGTGAVLSTIVSKYPSIKGINFDLPHVIADAPAFPGVENVGGDMFVSVPQADAVFMKWICHDWSDEHCLRFLKNCYDALPENGKVILVECILPVAPDTSLATKGVMHVDAIMLAHNPGGKERTEKEFEGLARGAGFKGFEVMCCAFNTYVIEFRKQA	C6FFB6	Caffeic acid 3-O-methyltransferase 2	
0	62	MGSTGETQMTPTQVSDEEAHLFAMQLASASVLPMILKTAIELDLLEIMAKAGPGAFLSTSEIASHLPTKNPDAPVMLDRILRLLASYSILTCSLKDLPDGKVERLYGLAPVCKFLTKNEDGVSVSPLCLMNQDKVLMESWYYLKDAILDGGIPFNKAYGMTAFEYHGTDPRFNKVFNKGMSDHSTITMKKLLETYKGFEGLTSLVDVGGGTGAVVNTIVSKYPSIKGINFDLPHVIEDAPSYPGVEHVGGDMFVSVPKADAVFMKWICHDWSDAHCLKFLKNCYDALPENGKVILVECILPVAPDTSLATKGVVHIDVIMLAHNPGGKERTEKEFEGLAKGAGFQGFEVMCCAFNTHVIEFRKN	A9P830	Caffeic acid 3-O-methyltransferase	
0	63	MATWVEHQQQQNGSKDVDEEACMYAMQLSSMVVLPMTLRVAVELGILEQIQAGGPDSYLTAEDLAARLGNSNPLAPVMIERILRLLTSYSILNFTDTVDGEGRTVRSYGAAHVCKYLTPNQDGVSMAPLVLMNTDKVLMESWYHMKDAVTNGGIPFNLAYGMTAFEYHGKDLRFNKVFNEGMKNNSIIITKKILERYKRFEDVNVLIDVGGGIGGTISMITAKYPHIHGINFDLPHVVSEAPPFQGVEHVGGNMFESVPIGDAIFIKWILHDWSDEHCLKLLRNCAKSLPDKGKVIVVECILPDAPLVTPEAEGVFHLDMIMLAHNPGGKERTKKEFKELAMLSGFSNFKALFSYANVWVMEFNK	Q6Q796	Caffeic acid O-methyltransferase	
0	64	MGSTGETQITPTHISDEEANLFAMQLASASVLPMILKSALELDLLEIIAKAGPGAQISPIEIASQLPTTNPDAPVMLDRMLRLLACYIILTCSVRTQQDGKVQRLYGLATVAKYLVKNEDGVSISALNLMNQDKVLMESWYHLKDAVLDGGIPFNKAYGMTAFEYHGTDPRFNKVFNKGMSDHSTITMKKILETYTGFEGLKSLVDVGGGTGAVINTIVSKYPTIKGINFDLPHVIEDAPSYPGVEHVGGDMFVSIPKADAVFMKWICHDWSDEHCLKFLKNCYEALPDNGKVIVAECILPVAPDSSLATKGVVHIDVIMLAHNPGGKERTQKEFEDLAKGAGFQGFKVHCNAFNTYIMEFLKKV	P28002		
0	65	MGSTAADMAAAADEEACMYALQLASSSILPMTLKNAIELGLLETLQSAAVAGGGGKAALLTPAEVADKLPSKANPAAADMVDRMLRLLASYNVVRCEMEEGADGKLSRRYAAAPVCKWLTPNEDGVSMAALALMNQDKVLMESWYYLKDAVLDGGIPFNKAYGMTAFEYHGTDARFNRVFNEGMKNHSVIITKKLLDLYTGFDAASTVVDVGGGVGATVAAVVSRHPHIRGINYDLPHVISEAPPFPGVEHVGGDMFASVPRGGDAILMKWILHDWSDEHCARLLKNCYDALPEHGKVVVVECVLPESSDATAREQGVFHVDMIMLAHNPGGKERYEREFRELARAAGFTGFKATYIYANAWAIEFTK	Q6ZD89		
0	66	MGSTAEDVAAVADEEACMYAMQLASSSILPMTLKNALELGLLEVLQKDAGKALAAEEVVARLPVAPTNPAAADMVDRMLRLLASYDVVKCQMEDKDGKYERRYSAAPVGKWLTPNEDGVSMAALALMNQDKVLMESWYYLKDAVLDGGIPFNKAYGMTAFEYHGTDPRFNRVFNEGMKNHSVIITKKLLEFYTGFDESVSTLVDVGGGIGATLHAITSHHSHIRGVNFDLPHVISEAPPFPGVQHVGGDMFKSVPAGDAILMKWILHDWSDAHCATLLKNCYDALPEKGGKVIVVECVLPVTTDAVPKAQGVFHVDMIMLAHNPGGRERYEREFRDLAKAAGFSGFKATYIYANAWAIEFIK	C5YH12	Caffeic acid O-methyltransferase	2.1.1.68
0	67	MNTELIPPTFLEDEEEEACMFAMQLSSASVLPMVLKSAIELNLLESIAKAGPGVYVSPSHLAAGLPSSQPDTPVMLDRILRLLASYSVLNCQLRDLPQGRVERLYGLAPVCKFLTKNSDGVSMAPLLLMNQDKILMESWYHLKDAVLDGGIPFNKAYGMTAFEYHGKDPRFNKVFNQGMSNHSTITMKKILQTYDGFGGLKTVVDVGGGTGATLNMIISKYPNLKGINFDLPHVVEDAPSYPGVEHVGGDMFVSVPKGDAIFMKWICHDWSDAHCLTFLKNCYKALPKDGKVILAECILPEAPDSKLTTKNVIHIDVIMLAHNPGGKERTEKDFEALGKEAGFKSFNKACCAYNTWVIEYYK	A0A0K1YW34	Caffeic acid 3-O-methyltransferase	
0	68	MGSTGETQIIPTHVNDEEANLFAMQLASASVLPMILKSALELDLLEIIAKAGPNAQLSPSNIAAQLPTKNPDAAVMLDRMMRLLACYNVLSCSVRTLPDGKIERLYGLAPVAKYLVKNEDGVSIAPLNLMNQDKVLMESWYYLKDAVLEGGIPFNKAHGMTSFEYHGKDLRFNKVFNKGMADHSTITMKKILETYTGFEGLTSLVDVGGGTGAVISMIVSKYPSINGINFDLPHVIEDAPSYPGVEHVGGDMFVSVPKADAVFMKWICHDWSDEHCVKFLKNCYDALPENGKVIVAECILPASPDSSLATKGVVHIDVIMLAHNPGGKERTEKEFEALAKAAGFQGFRVCCSAFNTYIMEFLKKP	A7U0E5	Caffeic acid o-methyl transferase	
0	69	MAEMKTSPSQDEEAGVVAMQLATSTVLPMILKSAIELDLLNTIAKAGPGNYLSPSDLASKLLLSNPDAPVMLARILRVLATYKVLGCKRGEVEWLYCWTPVCKYLSNNEDGASIAPILLVHQDKVTIKSWYHLTDAVRDGGTAFNKAHDMSIFEYASQDPQFNKAFNRSMRGHSTITMKKILETYKGFEGLKSIVDVGGGTGATLNMIISKYPTIKGINFDLPHVVGDAPSLPGVEHVGGNMFASVPKGDAIFLKWIFHSWGDEECLKILKKCHQALGDNKKVIVAEFILPEDPGGSDSATKSAVHLDAIMLAYVPGGKERTEKEFESLAKRAGFKSFTKVCCAFNTWIMEFSK	Q6T1F6		
0	70	MAEMKTSPSQDEEACLLAMQLATSTVLPMILKSAIELDILNTISKAGPGNYLSPSDLASKLHISNPDARIMLGRILRVLATYKVLGCKPSELSNGKVEWLYCWTPVCKFLSNNEDGASLAPLLLGHQDKVPMKSWYHITDAVLEGGTAFNKAYGMSIFEYASQDPLFNKVFNQSMTGHSTLTMKKILETYNGFQGLKSVVDVGGGSGATLNMIISKYPTIRGINFDLPHVVGDSPIYPGVEHVGGDMFASVPKGDAIFLKWIFHSWSDEDCLRILKNCYEALADNKKVIVAEFIIPEVPDGSDGATKSVVHLDSIMLAHVPGGKERTEKEFEALATSAGFKSFSKVCCAFNTWIMEFSK	J9PHM5	Bergaptol-O-methyltransferase	2.1.1.69
0	71	MAGMKTSPSQDEEACVLAIQLATSTVLPMILKSAIELDILNTISKAGPGNYLSPSDLASKLLMSNPHAPIMLERILRVLATYKVLGCKPSELSDGEVEWLYCWTPVCKFLSNNEDGASIAPLLLVHQDQVPMKSWYHLTDAILDGGTAFNKAYGMNIFDYASQDPQFNKVFNRSMAGHSTITMKKILETYNGFEGLKSIVDVGGGSGATLNMIISKYPTIKGINFDLPHVVGDSPIHPGVEHVGGDMFASVPKGDAIFLKWIFHSWSDEDCLRILKNCYEALADNKKVIVAEFIIPEVPGGSDDATKSVVHLDAVMLAYVPGGKERTEKEFEALATSAGFKSFRKVCCAFNTWIMEFSK	A0A166U5H3		
0	72	MENESSESRNRARLAIMELANMISVPMSLNAAVRLGIADAIWNGGANSPLSAAEILPRLHLPSHTTIGGDPENLQRILRMLTSYGVFSEHLVGSIERKYSLTDVGKTLVTDSGGLSYAAYVLQHHQEALMRAWPLVHTAVVEPETEPYVKANGEAAYAQYGKSEEMNGLMQKAMSGVSVPFMKAILDGYDGFKSVDILVDVGGSAGDCLRMILQQFPNVREGINFDLPEVVAKAPNIPGVTHVGGDMFQSVPSADAIFMKWVLTTWTDEECKQIMKNCYNALPVGGKLIACEPVLPKETDESHRTRALLEGDIFVMTIYRTKGKHRTEEEFIELGLSAGFPTFRPFYIDYFYTILEFQK	Q9SCP7		
0	73	MGLLAAIGVLLPFPFYWWLWTNAQSWVNLCGRERDPSTVMARVSHVLKAAQLLSLFSVASLSWPPPLYFWPLMAFGQFLNFRVYQLLGEAGTYYGVRFGKNIPWVTEFPFGVIRDPQYVGSIMSLLACLSWVPFQYILLWSLGYVFMMFLESKEDPNARAKSIS	Q9SAH5		
0	74	MGIAAAIGLLSPFPFYYCLWIWPQWWVDLCGRGREARDPSKVMAYVSYFLKLVQFISLFYVSSFHWPPPFYFWPLIAFGQFLNFRVYQLLGETGTYYGVRFGKTIPWVTEFPFGVIKDPQYVGSIMSILACFSWVPFQYILLWVLGYVFMMHVESKEDPSTRAKPLH	C3VD33		
0	75	MLGAIAYTGNKQSLLPELKSHFPKYNRFVDLFCGGLSVSLNVNGPVLANDIQEPIIEMYKRLINVSWDDVLKVIKQYKLSKTSKEEFLKLREDYNKTRDPLLLYVLHFHGFSNMIRINDKGNFTTPFGKRTINKNSEKQYNHFKQNCDKIIFSSLHFKDVKILDGDFVYVDPPYLITVADYNKFWSEDEEKDLLNLLDSLNDRGIKFGQSNVLEHHGKENTLLKEWSKKYNVKHLNKKYVFNIYHSKEKNGTDEVYIFN	P04392		
0	76	MKMTSIQQRAELHRQIWQIANDVRGSVDGWDFKQYVLGALFYRFISENFSSYIEAGDDSICYAKLDDSVITDDIKDDAIKTKGYFIYPSQLFCNVAAKANTNDRLNADLNSIFVAIESSAYGYPSEADIKGLFADFDTTSNRLGNTVKDKNARLAAVLKGVEGLKLGDFNEHQIDLFGDAYEFLISNYAANAGKSGGEFFTPQHVSKLIAQLAMHGQTHVNKIYDPAAGSGSLLLQAKKQFDNHIIEEGFFGQEINHTTYNLARMNMFLHNINYDKFDIKLGNTLTEPHFRDEKPFDAIVSNPPYSVKWIGSDDPTLINDERFAPAGVLAPKSKADFAFVLHALNYLSAKGRAAIVCFPGIFYRGGAEQKIRQYLVDNNYVETVISLAPNLFFGTTIAVNILVLSKHKTDTNVQFIDASELFKKETNNNILTDAHIEQIMQVFASKEDVAHLAKSVAFETVVANDYNLSVSSYVEAKDNREIIDIAELNAELKTTVSKIDQLRKDIDAIVAEIEGCEVQK	P10484		
0	77	MALSWNEIRRKAIEFSKRWEDASDENSQAKPFLIDFFEVFGITNKRVATFEHAVKKFAKAHKEQSRGFVDLFWPGILLIEMKSRGKDLDKAYDQALDYFSGIAERDLPRYVLVCDFQRFRLTDLITKESVEFLLKDLYQNVRSFGFIAGYQTQVIKPQDPINIKAAERMGKLHDTLKLVGYEGHALELYLVRLLFCLFAEDTTIFEKSLFQEYIETKTLEDGSDLAHHINTLFYVLNTPEQKRLKNLDEHLAAFPYINGKLFEEPLPPAQFDKAMREALLDLCSLDWSRISPAIFGSLFQSIMDAKKRRNLGAHYTSEANILKLIKPLFLDELWVEFEKVKNNKNKLLAFHKKLRGLTFFDPACGCGNFLVITYRELRLLEIEVLRGLHRGGQQVLDIEHLIQINVDQFFGIEIEEFPAQIAQVALWLTDHQMNMKISDEFGNYFARIPLKSTPHILNANALQIDWNDVLEAKKCCFILGNPPFVGKSKQTPGQKADLLSVFGNLKSASDLDLVAAWYPKAAHYIQTNANIRCAFVSTNSITQGEQVSLLWPLLLSLGIKINFAHRTFSWTNEASGVAAVHCVIIGFGLKDSDEKIIYEYESINGEPLAIKAKNINPYLRDGVDVIACKRQQPISKLPSMRYGNKPTDDGNFLFTDEEKNQFITNEPSSEKYFRRFVGGDEFINNTSRWCLWLDGADISEIRAMPLVLARIKKVQEFRLKSSAKPTRQSASTPMKFFYISQPDTDYLLIPETSSENRQFIPIGFVDRNVISSNATYHIPSAEPLIFGLLSSTMHNCWMRNVGGRLESRYRYSASLVYNTFPWIQPNEKQSKAIEEAAFAILKARSNYPNESLAGLYDPKTMPSELLKAHQKLDKAVDSVYGFKGPNTEIARIAFLFETYQKMTSLLPPEKEIKKSKGKN	B2MU09	MmeI	
0	78	MKKNRAFLKWAGGKYPLLDDIKRHLPKGECLVEPFVGAGSVFLNTDFSRYILADINSDLISLYNIVKMRTDEYVQAARELFVPETNCAEVYYQFREEFNKSQDPFRRAVLFLYLNRYGYNGLCRYNLRGEFNVPFGRYKKPYFPEAELYHFAEKAQNAFFYCESYADSMARADDASVVYCDPPYAPLSATANFTAYHTNSFTLEQQAHLAEIAEGLVERHIPVLISNHDTMLTREWYQRAKLHVVKVRRSISSNGGTRKKVDELLALYKPGVVSPAKK	P0AEE9		
0	79	MSSSSPSEKKLAAKLFANKWADRGNEKSDTHSFWLELLRDVVGMQDVTTNVRFESRTSQRGYIDVVIQDAKTFIEQKSIDVSLDKADIRQGRVVTAFRQALNYANTMPNKLRPDYIITCNFAEFRIHDLNKVNAETDYISFTLAELPDQIHLLDFLIDPQKSRAVREEKVSMDAGTLVGKLYDALRDQYLDPNSDASQHSLNVLCVRLVFCLFAEDAGLFEKDAFYRYLDGLRADQVRVALRDLFEVLNTPVDSRDPYLSEQLKNFPYVNGGLFAKVEQIPNFTDEILDLLVHEVSEKTNWAEISPTIFGGVFESTLNPETRARGGMHYTSPENIHKVIDPLFLDSLKAELDSILNASGITANKRKKQLEAFHTKISELKFFDPACGSGNFLTETYIHLRKIENKILSELAGDQTQLGFSNVTLKVSLDQFYGIEINDFAVSVASTALWIAQLQANIEAESIVTANIESLPLRDAAHIHLGNALRTDWASVLAPEQCNYIIGNPPFLGYSRLDDAQKEDRKAIFGKNGGVLDYVACWHRKAAEYMHGTDAEAALVSTNSICQGQQVTPLWKPLFDAGIHINFAHRTFVWSNEAADQAHVLCIIVGFSYIDRPVKQAWTYRKNEVEYSEPVHLNGYLADAPDAFLTRRSKPISDVLEMAQGFKPADGGHLLLTQEERDELLAKEPLAAPWIRKFSMGAEFINGKDRYCLWLPEITGVELKRLPLVRARIDACREWRLEQIKTGDAYKLSDRPHLLRPTSRFKDGTYIGIPKVSSERRKYVPFAFVTDGMIPGDMLYFVPTDSLFVFGVLVSQFQNAWMRVVAGRLKSDYRYGNTTVYNNFVFPEVDDSVRVDVEKRAQAVIDARSLYPEATLADMYDPDNDFLYPELMKAHRELDRAVEMAYGVDFGGDEQQIVAHLFKLYNEKVEK	Q6NFX9		
0	80	MTPEEFITRWSPSGGAERANYVLFLSELCDLLGVPKPDPTQADEAKNAYVFEKDVPDLHDDGGLSQRRIDLYRRGAFILEAKQGVEKEATAEEALLSTKGKKKKGHGTRGTKGWDTFMRRAREQAERYAHLLPASEGRPPFLLVVDVGHVIEVYAEFTRTGGAYLPFPSARAHQIQLADLARPEVRELLRTIWLDPLSLDPSIHAAEVTKDVARKLAEISRSMEGQPDAQGQAMTPERVSQFLMRMIFTMFAEDVGLLPNTKFRDKLKSLLGRPQAFIPTITDLWQAMAKGGYSVALDAQIKHFNGGLFEGVEVLPVTDGQLKLFIEAAESDWSRVEPSIFGTLVERALNPRERHRLGAHYTPRAYVERLVHQVVMEPLREDWRTVQVQVQDTLDRGNGDDKARARAQQLVAQFHAQLRQTQVLDPACGTGNFIYVSMELIKRLEAEVIETLVALGGLPPLIEVNPEQFHGIEVNPRAASVAELVLWIGYLQLYAREHGNAAPPEPILRAFHNIENRDAVLSYSHTTPKVDRDGQPVTRWDGVTFRRHPVTGDPVPDERAQIPEEVYHNPMTTEWPKADFIVGNPPFIGSKRMRELLGNGYVDALQRVFADVPQATDFVLRWWYKAALLTRQEEVRRFGFITTNSISQAFNRRAIEPHLNADVRPLSLVYVTPDHPWVDESDGAAVRIASTVGELGQRPGLLARVVKEYDEAAEGDLVAEFAFETGVIHADLSIGADLTETQPLMANLGLCAVGMKTIGAGFLVERTKAEALGLGQDNRIRPYINGRDLMGRTRGVYVIDLFGVSEEDVRDQYPKLYQHLRNAVYDIRRQNNNRVFRDLWWVIGHPRPIFREFTRGLKRYVVTLETAKHQVFQFLDSSIVPDSTIVTFGTEDAFHLGVLSSRVHVTWALAQGGTLEDRPRYNKTRCFETFPFPAATPEQQQRIRDLAERLDAHRKARLAEHPKLTMTDMYNALAALRAGQPLEGKLKTAHDQGLVTTLRQLHDDLDVAVLAAYGWPTGLDEQGLLERLAALNAERVQEEKAGRIRYLRPAYQDPHGTAQENLGMAVASRPAKAAQVMPFPTALPLQVQAVRSALMQAGQALSPQEVAQAFQGAKEKQVEDIMQTLVLLGQAHLREHNGEVRYAA	C0LTP9	Type II restriction endonuclease	
0	81	MEAFIAASAAVDEFLKRWKGNTGSERANFQSFMRDLCTLLDLPHPDPGEGDTTQNAYVFERFIASARVDGNTDNRYIDLYRRDCFVLEGKQTGKELASRSQQNAVNAAVAQAERYIRGLPQEEVEHGRPPFIVIVDVGNAIYTYSEFSRTGGNYVPFPDPRHYEIRLEDLHKPDVQHRLRQLWLEPDQLDPSKHAARVTREVSTKLAELAKSLEHNGYDVERVASFLKRCLFTMFAEDVELLPKASFQNLLIDIKDRNPEAFPHAVKALWETMNAGGYSERLMQTIKRFNGGLFKGIDPIPLNVQQIQLLIDAAKADWRFVEPAIFGTLLERALDPRERHKLGAHYTPRAYVERLVMPTLIEPLREQWGDIRGAAETLLRQGKTDKALQEVQAFHYQLCQTRVLDPACGSANFLYVALEHMKRLEGEVLGFISELTQGQGVLESEGLTVDPHQFLGLEINPRAAQIAELVLWIGYLQWHYRLNDRLDLPEPILRDFKNIECRDALIEYDSREPELNKNGEPVTIWDGISMKVSPTTGELIPDETGRAKVYRYHNPRRAEWPAAEYIIGNPPYIGARRIRSALGDGYLQALRGVYTDIPEHVDFVMYWWAKASENMASGKTKAFGLITTNSLRQSFSRKVVEKTLDINSDCSIKFVIPDHPWVDSADGAAVRVTLISVDSNKAPGIVALIRNEEAEGSGAYKITLDNKSGHITPNLTIGADPGEATCLSSNSSVSCVGYQLTGKGFVLTQSQKEEHENEWPESVIKPLWSGRDITQSPRKNWAIDVCDWGIDALKVSSPSLYQWLLTRVKPEREQNNRASLKERWWIYGEARNTFRPALIGIETAIATSLTAKHRVFVHLDSNSICDSTTVMFALPGAQYLGVLSSRVHVLWSLFAGGTLENRPRYNKTLCFETFPFPKMSSDQSEKISDLAEKIDQVRKGQQAKHPDLTLTGMYNVLEKLRSGEELTNKEKTIHEQGLVSVLRELHDDLDRAVFQAYGWSDLADKLVGRPGATTPLPDKPAEQAEAEDELLMRLLELNKQRAEEESRGIVRWLRPDYQARDAVQTEVDIAPKAAATKTEASTSKGKASFPKAIPDQLRVLREALAERSHTTESLAEMFKRKPMKSVEEGLQSLVAVGVAEYDPETQTWHTV	A1U7P0	Uncharacterized protein	
0	82	MSERVEQIEAFVAYAKTLKGDEKGEAQVFCDRLFQAFGHEGYKEAGAELESRVKKASGKGVNFADLIWKPRVLIEMKKSSEKLHLHYQQAFDYWLNAVPNRPRYVVLCNFKEFWIYDFDKQLNEPVDVVRLQDLPARYTALNFLFPDNPDPLFGNDREEVSRVAASKVAQLFRSMVARGIPREQAQRFVLQAVVAMFAEDIDMMPAGTTLRLVQDCLEHGQNSYDVFGGLFLQMNNKAAAQGGRYKGVPYFNGGLFATVQPIELTTDELELLGKKDEGAAWQNWAKINPAIFGTIFQQSMDKGERHAFGAHFTHEADIQRIVGPTIVRPWRERIDAAKTMAELLEIRKALLNFRVLDPACGSGNFLYVAYREMVRLEIKLMARLDKEFSWKTVQKQAQATSLISPRQFFGVERDSFGVELTKVTLMLAKKLALDEAADVLERDQIELPLAEDEALPLDNLDGNILCRDALLSDWPEVDTIIGNPPYQSKNKAQQEFGRAYLNKIRSVFPEIDGRADYCVYWFRKAHDQLKQGQRAGLVGTNTIRQNYSRISGLDYIAKHNGTITEAVSTMPWSGDAVVHVSIVNWVKGEDDGKKRLYIQSGNDPAGGWDYKDLDEINTSLSFSTDVSQAQRINANAEKGGCYQGQTHGHKGFLPEPAEAKAMIKASKANAKVLFPFLIADDFLGAVDKLECRYVIDFQTRDLLQAKAFKRPFEHLEKTVLPTRKEAAKKEKDRNKEALDADPEAKVNKHHENFLKRWWLMSYAREDLMQTLAPLSRYIVCARVTHRPIFEFVSTAIHPNDALSVFALEDDYSFGILQSGIHWEWFINRCSTLKADFRYTSDTVFDSFPWPQEPSADAVRLVAKRAVEVRQLRSKLKVKHHLSLRELYRAIEGPGEHALKKAHKLLDEAVRGAYGMSKKADVLETLLELNETVVAAEADGKQVVGPGIPPSASKLKNLVTTDKLTISPTSWANNAPVKT	Q1QGU9		
0	83	MRLSWNEIRARAARFSEEWKGVTRERAETQTFYNEFFQIFDIPRRRVASYEEPVKGLGDKRGYIDLFWKGTLLVEHKTTGRDLKKAKIQALDYFPGLKDKELPRYLLLCDFQSFELYDLDEDTEVRFRLADLKDHVEAFGFMIGVQKRTFKDQDPVNIEASELMGKLHDALKESGYDGHDLEQYLVRLLFCLFADDTGIFEPKDILLDFIQNRTSADGSDLGSRLNELFEVLNTPEDKRQKTLDEDLGNFPYVNGALFAERLRTPAFNAAMRLILIEACEFKWEAISPAIFGALFQSVMNKTERRALGAHYTTEKNILKLIQPLFLDGLHEEFARAKALKRGRQQALEALHEKLGQLTFFDPACGCGNFLVIAYRELRALEQEILRVLHDGKDQRIFDVAQLSKVNVDQFYGIEIGEFPARIAEVAMWMMDHIMNNRLGLSFGSNYARIPLRTSPHILHADALEADWAALLPPEKCSYVFGNPPFIGSKFQTAEQRRQVRDIAKLGGSGGTLDFVTAWFLKAGEYVQHGKADIAFVATNSITQGEQVAQLWPLLFQRCKLEIAFAHRTFAWGSDARGVAHVHVVIIGLTRRDREWPEKRLFSYADIKGDPVETRHKALTAYLFDAVNVADRHLVVEERNTPLCEAPKLKTGVQMIDNGILTFTTMEKEEFLRQEPEAEPLFRKYIGGDEYINGFFRWILYLADAEPSFLRQLPLVQERIRQVRQYRLSSSRPSTVRMADYPTQVGVDERLSGPYLVIPNTSSERRDYVPIGWLTPEVVANQKLRILPDADPWIFGLLTSGMHMAWMRAITGRMKSDYMYSVGVVYNTFPWPDITEAQKQKIRALAQAVLDARALYPGATLADLYDPDLMKRELRQAHRALDAAVDKLYRGQAFANDRERVEHLFGLYEKLSSPLTAAPKPIKRKRKKE	A7HWD2		
0	84	MEIGLSVPKQAGPILSVDDFIARWTTSGGSERANFQQFAIELTQLLDVPAPKPATADAQNDDYRFERPVTFIHTGTQSRGFIDLYRRGCFVMEAKQGTGAAPEEGQLDLLAAAPPVQRQGHGVRGSKRWDDTMLRARNQADGYARAVAREDGWPPFLLIVDVGHVIEVYADFSGQGQGYTQFPDGNRYRITLDDLRDAATLDRLQAIWTDPHSLDPTRVSAQVTRQVAEHLAELGRSFEAQGHAPEAVARFLMRALFTMFAEDVQLIPEGAFSKLLQDRRGHPEHAAPMLESLWQTMNTGGFSPALSCDLKRFNGGLFREATALPLSAMQLGLLIQAASHDWREVEPAIFGTLLERALDTRQRHKLGAHYTPRAYVERLVNPTVIEPLRAEWRDIQAAAVTLAGQDKLDEARATVRDFHRRLCEVRVVDPACGSGNFLYVALELMKRLEGEVIALLRELGEDQGALALAGHTVDPHQFLGIEVNPWAAAVAELVLWIGYLQWHFRTHGTASPAEPVLRDFRNIENRDAVLAWDGTRPRLDDAGQPVTRWDGVSTIRHPVTGEQVPDPAARVQVLDYLKPRPARWPEAEFIVGNPPFIGASRMREALGDGYAEALRAAYPRMPESADFVMFWWDKAALATRAGKTRRFGFITTNSLRQTFNRQVLEPHLADPKKPLSLAFAIPDHPWVDAGDGAAVRIAMTVAAAGSAPGRLFTVTDERRGEREAEGRPVTLSGQIGKIHANLRIGADVAGAKPLRANAGISSPGVKLHGAGFIVTPAEAQALGLGTVPGLEAHIRSYRNGRDLTATPRGVMVIDLFGLSEAEVRTRFPAVYQHVLDKVKPERDQNNRDSYKRNWWIHGEPRRDLRPALEGLPRYIATVETAKHRIFSLLDATILPDNKLIIIALADTWHFSIVSSRIHWVWAIANAAKIGMYDGDAVYPKGQCFDPFPFPDATEAQKARLRALGEELDAHRKAQQAAHPRLTLTALYNVLEKLRAGERIEGRDRETYDAGLVGILRDIHDRIDAAVAEAYGWPADLDDEAILTRLVDLNRARAAEEAAGLVRWLRPDYQNPAGRIAAAKGQQVELDVGAAAEAADKALWPKALPEQIAAVRAVLSDMGEATPEQVARQFKRARAASVKPLLESLSALGQARLIEGGRFAA	C0LTP8	Type II restriction endonuclease	
0	85	MSIDYKHVRQQLQQIVHDYKDSEGYERGQSQNFWTQVFNAYGVSGQTQTKAFEHRLKDKSNQKYVDAFIPKLVIIEQKSRGVDLNKAYTQVSEYYDRINAKDKPRYIILCNFDEIWLYDINNPLDIKKHQCPLSDLPNNAEWFEFLSPESQQSNEIIEENPINRQATEKLAKLHQAFIEDGVDPDELALFLTRLIFCFFADDTAIFGKKHVLHNLLKNHAATDGSNLQQILTTLFDTLNTEHRSSRLPEHYAQFAYINGGLFEETINIPYFDEKLYNLVMECDALDWTEISPAIFGSMFQSVLDASGGDSTEDKRREFGAHYTSEKNILKVINSLFLQELRDEFSKCTNNTPRAVQLYEKLPTLKFFDPACGCGNFLIIAYRELRLLENQLIAKIFGDQKGLLDISSMCNVTVDQFYGIEIEPHAVHIARVAMWITDHQLNMTTAERFGTTRPTTPIVYSPHIIEGNALQIDWETVLPANDCSYVMGNPPFIGKSNQSSEQKSDIKLVASHIKNHKSLDYVAGWYIKSMHYMQSVNNANHYIDTAFVSTNSIVQGEQVDILWRYLIDDCKGHINFAHHTFKWSNEGKGIAAVHCIIVGFSLVEKKEKTIFEYSDISSEPSPKKARTINAYLTDAPIVFFSRRSKQVSNESSMVSGNKATDGGNLILSDSEYIDLINSEPLAKKYIKRFMMGYEFLNNIKRWCLWFDNVDPIQLSKDLEKMPLIKKRIHNVKELRLNSTKKSTVKKAETPHLFDERRHTNKPYVAIPVVSSENRRFIPIGFIDGNTVAGNKLFVIVDGNTYQFGTLSSSMHNAFMRLTAGRMKSDYSYSSTIVYNNFPYPFMADDHSDKAQKARESIAKASQQVLDARKHYQDGSENAPTLAQLYNTYLIDPYPLLTKAHKALDKAVDSAYGYRGKGDDASRVEFLIKKIAELKN	A5WI42	Type II restriction enzyme methylase subunits-like protein	
0	86	MPQTMSMPPVLTAVTDPVERFPVERFIERWSPSGGAELANYGLFISELCDLIGVPRPDPRTGDDARDSYVLEKPVTIRHTDDSTSSGRIDCYRKDCFVLEAKQGVDAESQTALPLLGVAGAPAAPSGTRRRGHGVRGSKGWDDAMIRARGQAEKYAKALPEWPPFLIVLDVGHEIQLFAGFSRTGKDYTHFPDASSFRIRMTDLRRQETRDLLKAVWLDPLSLDPSKRTAKVTREIAERLAVLAKSLEQAGHSAANVATFLMRCLFTMFAEDVELLPKDSFRDLLRNLRGHPQDFVPTMRVLWKSMNDGDFCGVLTQKVLRFNGGLFKHADALPLTPEQLELLIQAAEANWRDVEPAIFGTLLERALDKTERHKLGAHYTPRAYVERLVLPTVIEPLREEWEAVKVAAAEQERDAAVALVMEFHRKLCDTRVLDPACGTGNFLYVTMELMKKLEGEVLDFLSITLDVRQDALDLAGHTVDPHQFLGIEVNPRAAAIAELVLWIGYLQWHFKTRGKVMPAEPVLKDFKNIENRDAILAWDRTEIVRDESGRPVTRWDGVTMKKHPVTGEDVPDETARVELVRYVKPRPAKWPKADYIVGNPPFIGTKLMRAALGDGYVNQLRETIDHIPDSADYVMYWWDHAAKLLWNGKIFRFGFVTTNSITQTFNRRVLTNRLKTGAQIYIIFAIPDHPWSDADGSAAVRISMTVVAKGNSAGRLLLPIREEHLGSETPNIEFNEKHGAISADLRIGANIGNATELISNERICGFGMALHGQGFLLSRAKSDELKKFGSQVIRPFLGGKDLLSAARERYVIDFSGLTEEEAQIANPAAFQHVMLYVKPERDHNRRDSIKKLWWRFAWERPTLREALKGLDRYIATTETSKHRVFQFIEAIYLTDHMGIVISSQDALILGALSSWPHRLWAIKAGGTLEDRPRYNKTRCFDPFPFPDPAEELKARIRVLGERLDSFRKERQAAHPDLTLTQMYNVLERLRELDRDPAAKPLDAKEKAIHEKGLISVLRQIHDDLDRAVFDAYGWPHDLTDEQILERLVALNKERAAEEKRGIIRWLRPEFQAPKTARPVQTAMEVGPEETSAPAAPAAKAPWPKSLPEQAQQVLAALTALGRPATPTEVARTFRSAPAPRVAEVMATLETMGRAWKVENTDRYAA	B6IW55	DNA methyltransferase, putative	
0	87	MGDSISVPAVEQFIARWQGREGGQERANYVSFLTELIALLGLDKPDPADATHEHNDYVFERAVKKTAEDSASYGRIDLYKRNSFVLEAKQSRIKGGKKEVRGQYDLLKTEATAATLGRRGADRAWDVLMLNAKRQAEEYARALPASHGWPPFILVCDVGHCIEVYADFSGQGKNYTQFPDRQNFRIYLEDLRDHDVRERLRKIWSEPTALDPSQQSAKVTRDIAKRLAQVSLALEKQNYPADDVAMFLMRCLFTMFAEDVELLPEKSFKLLLEDCEKNPEAFVHDVGQLWEAMDTGQWAHALKTKVKKFNGEFFKSRAALPLGREEIGELRRAAEYDWNEVDPSIFGTLLEQALDPTDRKKLGAHYTPRAYVERLVIATIIEPLREDWRNVQATAETLRGAGDLAAAAAAVQAYHDRLCETRVLDPACGTGNFLYVSLELMKRLEGEVLEALLDLGGQEALRGLGSHSVDPHQFLGLEINPRAAAIAELVLWIGYLQWHFRTKGAPPDEPILRAFKNIKVKNAVLDWDGAPLPKIVEGKETYPNPRRPEWPAAEFIVGNPPFIGASFLRARLGDTHAEALWSAHPQMNESADFVMYWWDRAAELLTRKGTVLRRFGFVTTNSITQVFQRRVIERHFKAKRPISLAMAIPDHPWTKATTDAAAVRIAMSVGETGRGDGLLQIVVNEAHLDSDTPIVELQGRVGPINSDLTIGTDLTTTVPLRASEGLASRGVTLAGSGFLITSEEAEHFGLGTHEKLKQHIRGLHNGRDLNQTSRRILVLDFLGLSEEEVRRHFPEAYQHLLRTVKPERETNKRASYRQNWWVFAEPRKEMRPALKDLGRYIGTARTAKHRIFSMLAGHSLPESEVIAVGSDDAFILGVLSSRLHVRWSLSKGGTLEDRPRYNNSMCFDPFPFPDANPIQKQTIRVIAEELDAHRKRVLAEHPHLTLTGLYNVLERLRAGAVPQAQPSPAGLTRGSTSSRGAAKKDLDGRGTGRQDGASRLSPGHDDAEMVLTPDEQCIFDDGLVLILKELHDRLDVAVAEAYGWPANLSDDEILARLVALNKQRADEEKRGLVRWLRPDYQIPRFAKGVDKQAAKEEGAQIAASLDLGETRQKPSFPTGAVEQTAAVFAALAAASGPLDAKSLAAQFRRTKTTEKKLAEVLASLARLGYVATTDGVSFALRRVA	Q134M6	Uncharacterized protein	
0	88	MISLREIRERSIKFAKEWEGASHEKQEAQSFWIDFFKIFDVSPRSMQFEYPIKKIDGSYGYIDVFWRGQLLIEQKSRGKDLVKAKEQALEYLPNLKQRDLPKFILVCDFVSFYLYDLDTNQDYKFLLHELPKNIELFSFIAGYTKKTYKEEEPTNRKAAELMGKLHDKLLENGYSGHQLELFLTRLLFCMFAEDTGIFAKNSFREFIENQTDESGRDLGSQISYLFELFDTPNEERQKNLDESFTQFPYINGSIFTEQLKTAHFDRSMREMLLDACAFDWSLISPSIFGSMFQASMDVSKRGELGAHFTSETNILKAIKPLFLDELSEEFAKIKNNPKQLQIFHAKISNLKFLDPACGSGNFLVIAYRELKLVEFEVLKSLKILTQLVHIDQFYGFEIEELPSRITQTAMLLIDHQMNLLFAQMFGEPHFNIPIKDSANIFNVNALRVDWEKILDGVKIDFIIGNPPFLGSKMQSKEQKEDMAEVFSGVKNGKELDFVTAWYIKSAKYLQGKNTKVALVSTNSITQGEQVGILWQEMFNKYKIKIHFAHKTFKWNNDAKGVAQVYCVIIGFAGFDIKEKRLFEYESVKSEPHEIKVANINPYLVNGDDFFISSRRKHIQSFIPQIVFGSMPNDGGNLLFDDKEKEEFLALEPKAELYMKPLISAKEYLNGKTRWCLWLKDCPPNELKSMPKVIERVENIRKLRNESSREATQKLAKFPALFGEDRQPESDYIFIPRVSSENRDYIPMEFFTKDFICGDTGLAVPNATLFHFGILTSKMHMDWVRYVAGRLKSDYRYSNEIVYNNFPFPLEINDKQKDQIEQLAQNILDIRAEFVGSSLADLYNPLTMPPKLLKAHETLDRAVDKLYSKTLFKTDTERVAHLFELNKQLTSLIVENEKKAKKVKKIITK	Q30TC2		
0	89	MTPQDFITKWRNTELKERSASQSHFIDLCRLLDIEDPTTADPKGEWFTFEKGASKTSGGEGWADVWRKDCFAWEYKGKRANLDKAFDQLLQYAIALENPPLLIVSDMDVIRIHTNWTNTVQQVHTLTLDDLKDAANRDKLRNAFLNPDVFKPSKTRQLVTEQAAQNFANLAQRLRERGHDAQQVAHFVNRLVFCMFAEDVELLPNKMFERMIKAARPDPASFAIHAKALFAAMKDGGLVGFEKVDWFNGGLFDNDDVLPLEWEDLDDLIRAAHLDWSDIDPSILGTLFERGLDPAKRSQLGAHYTDRDKIMQIVNPVIVEPLLAEWAEVKAQIEDLIDKAPKATKDKLLSTSQKAARTRALDKAEALHQAFLDRLKAFRVLDPACGSGNFLYIALLELKNIEHRVNLEAEALGLPRGFPQIGPEVVLGIELSAYAAELARVSVWIGEIQWMRRNGFEAAKNPILRSLKTIENRDAVLNPDGTRADWPKADVVVGNPPFLGVYKMGEELGEDYTIALRDAWPEMPGAADLVTYWFAKAWSQMQCGDLSRAGLVATNSIRGGANRTVLKPIAEHGGIFDAWSDEAWTVEGAAVRVSMICFGSKLPSHPKLNGKVVDKILSDLTANAAGFDLTKSSRISENKGVCIRGIETGGPFEFSQADFEALATKPLNPNGLPNTRVIRRILNGNNILKRQPERYAIDFSDFRTKEEAALFEAVYSWLEQAYESYERKSKRRIVRRQDWWLHRRSGAALKNAVSRLSRFIVTPRVGKHRIFVWLDSNALADSATFIVARDDETTFGILHSSFHELWSLRMGTFLGVGNDPRYTPSTTFETFPFPEGLTPNIPADEYADAPRAIKIAAAAKRLNEFRENWLNPADLVDRVPEVVSGYPDRILPKNDAAAKELKKRTLTNLYNARPAWLDHAHKALDEAVAEAYGWGDDWRAGVLTEDEILARLFKLNQERAAKEKA	Q5LS45	Uncharacterized protein	
0	90	MKKKRAFLKWAGGKYPLIEEIRRHLPAGERLVEPFVGAGSVFLNTDYDEYLLADINADLVGLYNIVKDETDRFIGDARQMFCPELNVSEEYYRIREAFNLCDDRYQRALYFLYLNRHCYNGLCRYNAKGEFNVPFGRYKKPYFPQEELEFFARKAERAVFVCEHYQQTMLRAQPGAVVYCDPPYAPLSATANFTAYHVNGFGFAEQMRLAELAGELAQRQVPVLISNHETPLTREWYAQADALHVVKVRRTISRKTDGRSKVNELLALYGKR	D5FM16		
0	91	MGLPPLLSLPSNSAPRSLGRVETPPEVVDFMVSLAEAPRGGRVLEPACAHGPFLRAFREAHGTAYRFVGVEIDPKALDLPPWAEGILADFLLWEPGEAFDLILGNPPYGIVGEASKYPIHVFKAVKDLYKKAFSTWKGKYNLYGAFLEKAVRLLKPGGVLVFVVPATWLVLEDFALLREFLAREGKTSVYYLGEVFPQKKVSAVVIRFQKSGKGLSLWDTQESESGFTPILWAEYPHWEGEIIRFETEETRKLEISGMPLGDLFHIRFAARSPEFKKHPAVRKEPGPGLVPVLTGRNLKPGWVDYEKNHSGLWMPKERAKELRDFYATPHLVVAHTKGTRVVAAWDERAYPWREEFHLLPKEGVRLDPSSLVQWLNSEAMQKHVRTLYRDFVPHLTLRMLERLPVRREYGFHTSPESARNF	P14385		
0	92	MKIKEIKKVTLQPFTKWTGGKRQLLPVIRELIPKTYNRYFEPFVGGGALFFDLAPKDAVINDFNAELINCYQQIKDNPQELIEILKVHQEYNSKEYYLDLRSADRDERIDMMSEVQRAARILYMLRVNFNGLYRVNSKNQFNVPYGRYKNPKIVDEELISAISVYINNNQLEIKVGDFEKAIVDVRTGDFVYFDPPYIPLSETSAFTSYTHEGFSFADQVRLRDAFKRLSDTGAYVMLSNSSSALVEELYKDFNIHYVEATRTNGAKSSSRGKISEIIVTNYEK	P04043		
0	93	MANRSHHNAGHRAMNALRKSGQKHSSESQLGSSEIGTTRHVYDVCDCLDTLAKLPDDSVQLIICDPPYNIMLADWDDHMDYIGWAKRWLAEAERVLSPTGSIAIFGGLQYQGEAGSGDLISIISHMRQNSKMLLANLIIWNYPNGMSAQRFFANRHEEIAWFAKTKKYFFDLDAVREPYDEETKAAYMKDKRLNPESVEKGRNPTNVWRMSRLNGNSLERVGHPTQKPAAVIERLVRALSHPGSTVLDFFAGSGVTARVAIQEGRNSICTDAAPVFKEYYQKQLTFLQDDGLIDKARSYEIVEGAANFGAALQRGDVAS	P14751		
0	94	MLEINKIHQMNCFDFLDQVENKSVQLAVIDPPYNLSKADWDSFDSHNEFLPFTYRWIDKVLDKLDKDGSLYIFNTPFNCAFICQYLVSKGMIFQNWITWDKRDGMGSAKRGFSTGQETILFFSKSKNHTFNYDEVRVPYESTDRIKHASEKGILKNGKRWFPNPNGRLCGEVWHFSSQRHKEKVNGKTVKLTHITPKPRDLIERIIRASSNPNDLVLDCFMGSGTTAIVAKKLGRNFIGCDMNAEYVNQANFVLNQLEIN	P23192		
0	95	MKKNRAFLKWAGGKYPLLDDIKRHLPKGECLVEPFVGAGSVFLNTDFSRYILADINSDLISLYNIVKMRTDEYVQAARELFVPETNCAEVYYQFREEFNKSQDPFRRAVLFLYLNRYGYNGLCRYNLRGEFNVPFGRYKKPYFPEAELYHFAEKAQNAFFYCESYADSMARADDASVVYCDPPYAPLSATANFTAYHTNSFTLEQQAHLAEIAEGLVERHIPVLISNHDTMLTREWYQRAKLHVVKVRRSISSNGGTRKKVDELLALYKPGVVSPAKK	P0AEE8		
0	96	MANQNTFKQAPLPFIGQKRMFLKQFEQILNENISDNGEGWTILDTFGGSGLLSHTAKRLKPKARVIYNDFDGYAERLAHIDDINQLRAELYSVVGNATSKNKRMTKDCKAECIRIIQNFKGYKDLNCLASWLLFSGQQVATLDDLFQHNFWHCIRQSDYPKADGYLDGVEIVKESFHTLLPKFSNDPKALFVLDPPYLCTKQESYKQATYFDLIDFLRLVNITRPPYVFFSSTKSEFIRFVNYMLEDKVDNWQAFENAKRITVNAKLNYQVAYEDNLVYKF	G9C944	Hia5	
0	97	MSDIIHLLPDSVANQIAAGEVIQRPASVLKELVENSIDAGATFIQILIKDAGRTLIQVVDNGKGMSETDARMAFERHATSKIKNADDLFSLRTMGFRGEALASIAAVAQVELRTRRAEDELGVLVEIAGTRVFKQESVQCDLGTSFQVKNLFFNVPARRRFLKSDNVEKSHILTEFYRIALVNTSVAFSFFDGDEEIFQLPASNNKIRIENIFGKSAKKRWQQQLLSIETSTNLVSIFGYVGKPEYAQKSATQYFFVNGRYMRHPYFHKAVLLAYNQMIQASESPNYFIYFDVDPQTIDVNIHPTKTEIKFENEQAIWSILTAAVKEALGKFNVIPSIDFDQEGAVDIPTTISVENVRPPQTNFNPNYNPFGTSNYKRPVLDWEDLYGGFEKKEEPSESVIDWEPETEIIITPSFTQQEQQKVIENLETRAENYQYKNRFILTGLKSGLLMIDQHRAHTRILFDLFLSQIENSKGSSQQVLFPEILELSADDALFFEQIIPDLQHVGFEFETMENHTYSVKGVSSHVGTGSVIDLLLEMLDKAKTTAQDPTASIHETISLSLAEASSIKSGQRLSSEEMSDLIDRLFACSNHNFTPDGKKIMTIFSQDELEKRF	E4T573		
0	98	MKKQRAFLKWAGGKYSLVEDIQRHLPEARELVEPFVGAGSVFLNTDFERYLLADINPDLINFYNLLKTEPQAYIHEAKRWFVPENNRKEVYLDIRKQFNQSDDAMFRSLAFLYMNRFGFNGLCRYNKKGGFNVPFGSYKKPYFPEQELEFFAEKAQRATFICASYGETFARAQSDSVIYCDPPYAPLSTTANFTSYAGNGFTLDDQAALADIAEKTAKERGISVLISNHDTTHTRRLYRGAQLNVVKANRTISRNGAGRNKVDELLALFTPHLSSQA	A5F520		
0	99	MKFGPETIIHGDCIEQMNALPEKSVDLIFADPPYNLQLGGDLLRPDNSKVDAVDDHWDQFESFAAYDKFTREWLKAARRVLKDDGAIWVIGSYHNIFRVGVAVQDLGFWILNDIVWRKSNPMPNFKGTRFANAHETLIWASKSQNAKRYTFNYDALKMANDEVQMRSDWTIPLCTGEERIKGADGQKAHPTQKPEALLYRVILSTTKPGDVILDPFFGVGTTGAAAKRLGRKFIGIEREAEYLEHAKARIAKVVPIAPEDLDVMGSKRAEPRVPFGTIVEAGLLSPGDTLYCSKGTHVAKVRPDGSITVGDLSGSIHKIGALVQSAPACNGWTYWHFKTDAGLAPIDVLRAQVRAGMN	P0CAW2		
