	uniprot_ids	substrates
0	Q08IC0	2,5-dioxopentanoate
1	Q08IC0	NAD+
2	Q08IC0	H2O
3	Q08IC0	alpha-ketoglutaric semialdehyde
4	Q08IC0	NAD(P)+
5	Q08IC0	H2O
6	Q08IB7	2,5-dioxopentanoate
7	Q08IB7	NAD+
8	Q08IB7	H2O
9	Q08IB7	alpha-ketoglutaric semialdehyde
10	Q08IB7	NAD(P)+
11	Q08IB7	H2O
12	Q6FFQ0	acetaldehyde
13	Q6FFQ0	NAD(P)+
14	Q6FFQ0	H2O
15	Q6FFQ0	glutaraldehyde
16	Q6FFQ0	NAD(P)+
17	Q6FFQ0	H2O
18	Q6FFQ0	propanal
19	Q6FFQ0	NAD(P)+
20	Q6FFQ0	H2O
21	Q6FFQ0	succinate semialdehyde
22	Q6FFQ0	NAD(P)+
23	Q6FFQ0	H2O
24	Q6FFQ0	2,5-dioxopentanoate
25	Q6FFQ0	NAD+
26	Q6FFQ0	H2O
27	Q6FFQ0	alpha-ketoglutaric semialdehyde
28	Q6FFQ0	NAD(P)+
29	Q6FFQ0	H2O
30	Q88GW5	alpha-ketoglutaric semialdehyde
31	Q88GW5	NADP+
32	Q88GW5	H2O
33	Q97UA1	2,5-dioxopentanoate
34	Q97UA1	NADP+
35	Q97UA1	H2O
36	Q97UA1	DL-glyceraldehyde
37	Q97UA1	NADP+
38	Q97UA1	H2O
39	Q97UA1	glycolaldehyde
40	Q97UA1	NADP+
41	Q97UA1	H2O
42	Q1JUP4	2,5-dioxopentanoate
43	Q1JUP4	NAD+
44	Q1JUP4	H2O
45	Q1JUP4	alpha-ketoglutaric semialdehyde
46	Q1JUP4	NAD(P)+
47	Q1JUP4	H2O
0	Q6Z4E4	more
1	Q97YT9	malonate semialdehyde
2	Q97YT9	CoA
3	Q97YT9	NAD+
4	Q97YT9	malonate semialdehyde
5	Q97YT9	CoA
6	Q97YT9	NAD+
7	Q97YT9	methylmalonate semialdehyde
8	Q97YT9	CoA
9	Q97YT9	H2O
10	Q97YT9	NAD+
11	Q97YT9	more
12	Q97YT9	malonate semialdehyde
13	Q97YT9	CoA
14	Q97YT9	H2O
15	Q97YT9	NAD+
16	Q97YT9	propionaldehyde
17	Q97YT9	CoA
18	Q97YT9	H2O
19	Q97YT9	NAD+
20	Q97YT9	propionaldehyde
21	Q97YT9	CoA
22	Q97YT9	NAD+
23	Q97YT9	2-methyl-3-oxopropanoate
24	Q97YT9	CoA
25	Q97YT9	H2O
26	Q97YT9	NAD+
27	P42412	methylmalonate semialdehyde
28	P42412	CoA
29	P42412	H2O
30	P42412	NAD+
31	A0A081YAY7	more
32	G5CZI2	2-methyl-3-oxopropanoate
33	G5CZI2	CoA
34	G5CZI2	H2O
35	G5CZI2	NAD+
36	O49218	2-methyl-3-oxopropanoate
37	O49218	CoA
38	O49218	NAD+
39	O49218	2-methyl-3-oxopropanoate
40	O49218	CoA
41	O49218	NAD+
42	Q02252	methylmalonate semialdehyde
43	Q02252	CoA
44	Q02252	H2O
45	Q02252	NAD+
0	A0A0U2ETT9	more
1	A0A0U2ETT9	vanillin
2	A0A0U2ETT9	NAD+
0	P76217	decanal
1	P76217	NAD+
2	P76217	H2O
3	P76217	succinic semialdehyde
4	P76217	NAD+
5	P76217	H2O
6	Q402C7	vanillin
7	Q402C7	NAD+
8	Q402C7	H2O
9	Q402C7	1-naphthaldehyde
10	Q402C7	NAD+
11	Q402C7	H2O
12	Q402C7	2-naphthaldehyde
13	Q402C7	NAD+
14	Q402C7	H2O
15	Q402C7	cinnamaldehyde
16	Q402C7	NAD+
17	Q402C7	H2O
18	Q402C7	m-chlorobenzaldehyde
19	Q402C7	NAD+
20	Q402C7	H2O
21	Q402C7	m-fluorobenzaldehyde
22	Q402C7	NAD+
23	Q402C7	H2O
24	Q402C7	m-hydroxybenzaldehyde
25	Q402C7	NAD+
26	Q402C7	H2O
27	Q402C7	m-methoxybenzaldehyde
28	Q402C7	NAD+
29	Q402C7	H2O
30	Q402C7	m-nitrobenzaldehyde
31	Q402C7	NAD+
32	Q402C7	H2O
33	Q402C7	m-tolualdehyde
34	Q402C7	NAD+
35	Q402C7	H2O
36	Q402C7	o-chlorobenzaldehyde
37	Q402C7	NAD+
38	Q402C7	H2O
39	Q402C7	o-fluorobenzaldehyde
40	Q402C7	NAD+
41	Q402C7	H2O
42	Q402C7	o-hydroxybenzaldehyde
43	Q402C7	NAD+
44	Q402C7	H2O
45	Q402C7	o-methoxybenzaldehyde
46	Q402C7	NAD+
47	Q402C7	H2O
48	Q402C7	o-nitrobenzaldehyde
49	Q402C7	NAD+
50	Q402C7	H2O
51	Q402C7	o-tolualdehyde
52	Q402C7	NAD+
53	Q402C7	H2O
54	Q402C7	p-chlorobenzaldehyde
55	Q402C7	NAD+
56	Q402C7	H2O
57	Q402C7	p-fluorobenzaldehyde
58	Q402C7	NAD+
59	Q402C7	H2O
60	Q402C7	p-hydroxybenzaldehyde
61	Q402C7	NAD+
62	Q402C7	H2O
63	Q402C7	p-methoxybenzaldehyde
64	Q402C7	NAD+
65	Q402C7	H2O
66	Q402C7	p-nitrobenzaldehyde
67	Q402C7	NAD+
68	Q402C7	H2O
69	Q402C7	p-tolualdehyde
70	Q402C7	NAD+
71	Q402C7	H2O
72	Q402C7	protocatechaldehyde
73	Q402C7	NAD+
74	Q402C7	H2O
75	Q402C7	syringaldehyde
76	Q402C7	NAD+
77	Q402C7	H2O
78	Q402C7	benzaldehyde
79	Q402C7	NAD+
80	Q402C7	H2O
81	Q4F895	octanal
82	Q4F895	NAD+
83	Q4F895	H2O
84	Q4F895	formaldehyde
85	Q4F895	NAD+
86	Q4F895	H2O
87	Q4F895	formaldehyde
88	Q4F895	NAD+
89	Q4F895	H2O
90	Q4F895	hexanal
91	Q4F895	NAD+
92	Q4F895	H2O
93	Q4F895	propanal
94	Q4F895	NAD+
95	Q4F895	H2O
96	Q4F895	butanal
97	Q4F895	NAD+
98	Q4F895	H2O
99	Q9DBF1	4-hydroxy-2-nonenal
100	Q9DBF1	NAD+
101	Q9DBF1	H2O
102	Q9DBF1	malondialdehyde
103	Q9DBF1	NAD+
104	Q9DBF1	H2O
105	P49419	alpha-aminoadipate semialdehyde
106	P49419	NAD+
107	P49419	H2O
108	P11884	acetaldehyde
109	P11884	NAD+
110	P11884	H2O
111	P11884	acetaldehyde
112	P11884	NAD+
113	P11884	H2O
114	P11884	(R)-trans-4-hydroxy-2-nonenal
115	P11884	NAD+
116	P11884	H2O
117	P11884	(S)-trans-4-hydroxy-2-nonenal
118	P11884	NAD+
119	P11884	H2O
120	P11884	propionaldehyde
121	P11884	NAD+
122	P11884	H2O
123	P51650	acetaldehyde
124	P51650	NAD+
125	P51650	H2O
126	P51650	acetaldehyde
127	P51650	NAD+
128	P51650	H2O
129	P51650	(R)-trans-4-hydroxy-2-nonenal
130	P51650	NAD+
131	P51650	H2O
132	P51650	(S)-trans-4-hydroxy-2-nonenal
133	P51650	NAD+
134	P51650	H2O
135	P05091	acetaldehyde
136	P05091	NAD+
137	P05091	H2O
138	P05091	acetaldehyde
139	P05091	NAD+
140	P05091	H2O
141	P05091	more
142	P05091	(R)-N-(3-(6-(4-(1 4-dimethyl-3-oxopiperazin-2-yl)phenylamino)-4-methyl-5-oxo-4 5-dihydropyrazin-2-yl)-2-methylphenyl)-4,5,6,7-tetrahydrobenzo[b] thiophene-2-carboxamide
143	P05091	H2O
144	P05091	O2
145	P05091	1-formyl-6-methylpyrene
146	P05091	NAD+
147	P05091	H2O
148	P05091	1-formyl-8-methylpyrene
149	P05091	NAD+
150	P05091	H2O
151	P05091	1-formylpyrene
152	P05091	NAD+
153	P05091	H2O
154	P05091	2-formylpyrene
155	P05091	NAD+
156	P05091	H2O
157	P05091	4-formylpyrene
158	P05091	NAD+
159	P05091	H2O
160	P05091	formaldehyde
161	P05091	NAD+
162	P05091	H2O
163	P05091	2-hydroxy-3-nitrobenzaldehyde
164	P05091	NAD+
165	P05091	H2O
166	P05091	3,4-dihydroxyphenylglycolaldehyde
167	P05091	NAD+
168	P05091	H2O
169	P05091	benzaldehyde
170	P05091	NAD+
171	P05091	H2O
172	P05091	3,4-dihydroxyphenylacetaldehyde
173	P05091	NAD+
174	P05091	H2O
175	P05091	chloroacetaldehyde
176	P05091	NAD+
177	P05091	H2O
178	P05091	propanal
179	P05091	NAD+
180	P05091	H2O
181	P05091	propionaldehyde
182	P05091	NAD+
183	P05091	H2O
184	P47738	acetaldehyde
185	P47738	NAD+
186	P47738	H2O
187	P47738	acetaldehyde
188	P47738	NAD+
189	P47738	H2O
190	P47738	4-hydroxy-2-nonenal
191	P47738	NAD+
192	P47738	H2O
193	P47738	malondialdehyde
194	P47738	NAD+
195	P47738	H2O
196	P47738	4-hydroxy-2-nonenal
197	P47738	NAD+
198	P47738	H2O
199	Q8BH00	acetaldehyde
200	Q8BH00	NAD+
201	Q8BH00	H2O
202	Q8BH00	acetaldehyde
203	Q8BH00	NAD+
204	Q8BH00	H2O
205	O35945	acetaldehyde
206	O35945	NAD+
207	O35945	H2O
208	O35945	acetaldehyde
209	O35945	NAD+
210	O35945	H2O
211	Q9CZS1	acetaldehyde
212	Q9CZS1	NAD+
213	Q9CZS1	H2O
214	Q9CZS1	acetaldehyde
215	Q9CZS1	NAD+
216	Q9CZS1	H2O
217	Q9CZS1	4-hydroxy-2-nonenal
218	Q9CZS1	NAD+
219	Q9CZS1	H2O
220	Q9CZS1	malondialdehyde
221	Q9CZS1	NAD+
222	Q9CZS1	H2O
223	P47740	acetaldehyde
224	P47740	NAD+
225	P47740	H2O
226	P47740	acetaldehyde
227	P47740	NAD+
228	P47740	H2O
229	Q9H2A2	acetaldehyde
230	Q9H2A2	NAD+
231	Q9H2A2	H2O
232	Q9H2A2	acetaldehyde
233	Q9H2A2	NAD+
234	Q9H2A2	H2O
235	Q9H2A2	3,4-dihydroxyphenylglycolaldehyde
236	Q9H2A2	NAD+
237	Q9H2A2	H2O
238	Q9H2A2	3,4-dihydroxyphenylacetaldehyde
239	Q9H2A2	NAD+
240	Q9H2A2	H2O
241	P30837	acetaldehyde
242	P30837	NAD+
243	P30837	H2O
244	P30837	acetaldehyde
245	P30837	NAD+
246	P30837	H2O
247	P30837	3,4-dihydroxyphenylglycolaldehyde
248	P30837	NAD+
249	P30837	H2O
250	P30837	3,4-dihydroxyphenylacetaldehyde
251	P30837	NAD+
252	P30837	H2O
253	Q9FPK6	acetaldehyde
254	Q9FPK6	NAD+
255	Q9FPK6	H2O
256	Q9FPK6	acetaldehyde
257	Q9FPK6	NAD+
258	Q9FPK6	H2O
259	Q9FPK6	malondialdehyde
260	Q9FPK6	NAD+
261	Q9FPK6	H2O
262	Q9FPK6	glyceraldehyde
263	Q9FPK6	NAD+
264	Q9FPK6	H2O
265	Q3UNF5	4-hydroxy-2-nonenal
266	Q3UNF5	NAD+
267	Q3UNF5	H2O
268	Q3UNF5	malondialdehyde
269	Q3UNF5	NAD+
270	Q3UNF5	H2O
271	Q92UV7	3-oxopropyl phosphonate
272	Q92UV7	NAD+
273	Q92UV7	H2O
274	Q92UV7	3-oxopropylphosphonate
275	Q92UV7	NAD+
276	Q92UV7	H2O
277	Q92UV7	glyceraldehyde 3-phosphate
278	Q92UV7	NAD+
279	Q92UV7	H2O
280	Q92UV7	glyceraldehyde-3-phosphate
281	Q92UV7	NAD+
282	Q92UV7	H2O
283	Q92UV7	phosphonoacetaldehyde
284	Q92UV7	NAD+
285	Q92UV7	H2O
286	A0A1U7EWW7	acetaldehyde
287	A0A1U7EWW7	NAD+
288	A0A1U7EWW7	H2O
289	A0A1U7EWW7	acetaldehyde
290	A0A1U7EWW7	NAD+
291	A0A1U7EWW7	H2O
292	K9N4H5	propionaldehyde
293	K9N4H5	NAD+
294	K9N4H5	H2O
295	K9N4H5	butyraldehyde
296	K9N4H5	NAD+
297	K9N4H5	H2O
298	K9N4H5	propionaldehyde
299	K9N4H5	NAD+
300	K9N4H5	H2O
301	K9N4H5	butyraldehyde
302	K9N4H5	NAD+
303	K9N4H5	H2O
304	A9KN57	propionaldehyde
305	A9KN57	NAD+
306	A9KN57	H2O
307	A9KN57	acetaldehyde
308	A9KN57	NAD+
309	A9KN57	H2O
310	A9KN57	acetaldehyde
311	A9KN57	NAD+
312	A9KN57	H2O
313	A9KN57	butyraldehyde
314	A9KN57	NAD+
315	A9KN57	H2O
316	A9KN57	hexanaldehyde
317	A9KN57	NAD+
318	A9KN57	H2O
319	A9KN57	pentanaldehyde
320	A9KN57	NAD+
321	A9KN57	H2O
322	Q70DU8	nonanal
323	Q70DU8	NAD+
324	Q70DU8	H2O
325	Q70DU8	trans-2-hexenal
326	Q70DU8	NAD+
327	Q70DU8	H2O
328	Q70DU8	more
329	Q70DU8	hexanal
330	Q70DU8	NAD+
331	Q70DU8	H2O
332	Q70DU8	trans-2-nonenal
333	Q70DU8	NAD+
334	Q70DU8	H2O
335	A6T8Z5	more
336	A6T8Z5	3-hydroxypropionaldehyde
337	A6T8Z5	NAD+
338	A6T8Z5	H2O
0	Q6RKB1	coniferic acid
1	Q6RKB1	NADPH
2	Q6RKB1	ATP
3	Q6RKB1	vanillic acid
4	Q6RKB1	NADPH
5	Q6RKB1	ATP
6	Q6RKB1	benzoate
7	Q6RKB1	NADPH
8	Q6RKB1	ATP
9	Q6RKB1	more
10	Q6RKB1	vanillic acid
11	Q6RKB1	NADPH
12	Q6RKB1	ATP
13	Q6RKB1	D-malic acid
14	Q6RKB1	NADPH
15	Q6RKB1	ATP
16	Q6RKB1	DL-malic acid
17	Q6RKB1	NADPH
18	Q6RKB1	ATP
19	Q6RKB1	L-malic acid
20	Q6RKB1	NADPH
21	Q6RKB1	ATP
22	Q6RKB1	alpha-ketoglutaric acid
23	Q6RKB1	NADPH
24	Q6RKB1	ATP
25	Q6RKB1	benzoic acid
26	Q6RKB1	NADPH
27	Q6RKB1	ATP
28	Q6RKB1	cis-aconitic acid
29	Q6RKB1	NADPH
30	Q6RKB1	ATP
31	Q6RKB1	citric acid
32	Q6RKB1	NADPH
33	Q6RKB1	ATP
34	Q6RKB1	ferulic acid
35	Q6RKB1	NADPH
36	Q6RKB1	ATP
37	Q6RKB1	trans-aconitic acid
38	Q6RKB1	NADPH
39	Q6RKB1	ATP
40	B2HN69	benzoic acid
41	B2HN69	ATP
42	B2HN69	NADPH
43	B2HN69	H+
44	B2HN69	butyric acid
45	B2HN69	ATP
46	B2HN69	NADPH
47	B2HN69	H+
48	B2HN69	capric acid
49	B2HN69	ATP
50	B2HN69	NADPH
51	B2HN69	H+
52	B2HN69	caproic acid
53	B2HN69	ATP
54	B2HN69	NADPH
55	B2HN69	H+
56	B2HN69	caprylic acid
57	B2HN69	ATP
58	B2HN69	NADPH
59	B2HN69	H+
60	B2HN69	fatty acid
61	B2HN69	ATP
62	B2HN69	NADPH
63	B2HN69	H+
64	B2HN69	lauric acid
65	B2HN69	ATP
66	B2HN69	NADPH
67	B2HN69	H+
0	Q4L235	L-2-aminoadipate 6-semialdehyde
1	Q4L235	NAD(P)+
2	Q4L235	H2O
3	Q9DBF1	acetaldehyde
4	Q9DBF1	NAD+
5	Q9DBF1	H2O
6	P49419	alpha-aminoadipic semialdehyde
7	P49419	NAD+
8	P49419	H2O
0	Q83XU8	2-hydroxy-5-methyl-muconic-6-semialdehyde
1	Q83XU8	NAD+
2	Q83XU8	2-hydroxymuconate-6-semialdehyde
3	Q83XU8	NAD+
4	Q83XU8	H2O
5	Q83XU8	5-chloro-2-hydroxymuconic-6-semialdehyde
6	Q83XU8	NAD+
7	Q83XU8	more
8	Q83V33	2-aminomuconate 6-semialdehyde
9	Q83V33	NAD+
10	Q83V33	H2O
0	Q62148	acetaldehyde
1	Q62148	NAD+
2	Q62148	H2O
3	Q62148	retinal
4	Q62148	NAD+
5	Q62148	H2O
6	Q62148	retinal
7	Q62148	NAD+
8	Q62148	H2O
9	P24549	retinal
10	P24549	NAD+
11	P24549	H2O
12	P24549	all-trans retinaldehyde
13	P24549	NAD+
14	P24549	H2O
15	Q63639	acetaldehyde
16	Q63639	NAD+
17	Q63639	H2O
18	Q63639	more
19	Q63639	retinal
20	Q63639	NAD+
21	Q63639	H2O
22	Q63639	retinal
23	Q63639	NAD+
24	Q63639	H2O
25	Q63639	retinal
26	Q63639	NAD+
27	Q63639	H2O
28	Q63639	octanal
29	Q63639	NAD+
30	Q63639	H2O
31	Q63639	2,4-decadienal
32	Q63639	NAD+
33	Q63639	H2O
34	Q63639	citral
35	Q63639	NAD+
36	Q63639	H2O
37	Q63639	hexanal
38	Q63639	NAD+
39	Q63639	H2O
40	Q63639	all-trans-retinal
41	Q63639	NAD+
42	Q63639	H2O
43	Q63639	decanal
44	Q63639	NAD+
45	Q63639	H2O
46	Q63639	decanal
47	Q63639	NAD+
48	Q63639	H2O
49	Q8K4D8	retinal
50	Q8K4D8	NAD+
51	Q8K4D8	H2O
52	Q9JHW9	hexanal
53	Q9JHW9	NAD+
54	Q9JHW9	H2O
55	Q9JHW9	more
56	Q9JHW9	retinal
57	Q9JHW9	NAD+
58	Q9JHW9	H2O
59	Q9JHW9	all-trans retinal
60	Q9JHW9	NAD+
61	Q9JHW9	H2O
62	Q9JHW9	octanal
63	Q9JHW9	NAD+
64	Q9JHW9	H2O
65	Q9JHW9	benzaldehyde
66	Q9JHW9	NAD+
67	Q9JHW9	H2O
68	Q9JHW9	decanal
69	Q9JHW9	NAD+
70	Q9JHW9	H2O
71	P51647	retinal
72	P51647	NAD+
73	P51647	H2O
74	P51647	all-trans-retinal
75	P51647	NAD+
76	P51647	H2O
77	O94788	retinal
78	O94788	NAD+
79	O94788	H2O
80	P00352	more
81	P00352	all-trans-retinal
82	P00352	NAD+
83	P00352	H2O
84	P00352	decanal
85	P00352	NAD+
86	P00352	H2O
87	Q28399	retinal
88	Q28399	NAD+
89	Q28399	H2O
90	Q28399	retinal
91	Q28399	NAD+
92	Q28399	H2O
0	P11446	N-acetyl-5-glutamyl phosphate
1	P11446	NADPH
2	P11446	H+
3	P9WPZ9	N-acetyl-5-glutamyl phosphate
4	P9WPZ9	NADPH
5	P9WPZ9	H+
0	B1N7H3	phenylacetaldehyde
1	B1N7H3	NAD+
2	B1N7H3	H2O
3	B1N7H3	phenylacetaldehyde
4	B1N7H3	NAD+
5	B1N7H3	H2O
6	P80668	phenylacetaldehyde
7	P80668	NAD+
8	P80668	H2O
9	P80668	phenylacetaldehyde
10	P80668	NAD+
11	P80668	H2O
12	P80668	4-hydroxyphenylacetaldehyde
13	P80668	NAD+
14	P80668	H2O
15	V4GH04	phenylacetaldehyde
16	V4GH04	NAD+
17	V4GH04	H2O
18	V4GH04	phenylacetaldehyde
19	V4GH04	NAD+
20	V4GH04	H2O
21	Q5P171	phenylacetaldehyde
22	Q5P171	NAD+
23	Q5P171	H2O
24	Q5P171	phenylacetaldehyde
25	Q5P171	NAD+
26	Q5P171	H2O
27	Q5P171	more
28	Q5P171	phenylacetaldehyde
29	Q5P171	NADP+
30	Q5P171	H2O
0	Q540D7	an aldehyde
1	Q540D7	NADP+
2	Q540D7	H2O
3	Q540D7	trans,trans-muconaldehyde
4	Q540D7	NADP+
5	Q540D7	H2O
6	G7VCG0	glyceraldehyde
7	G7VCG0	NADP+
8	G7VCG0	H2O
9	G7VCG0	glyceraldehyde
10	G7VCG0	NADP+
11	G7VCG0	H2O
12	G7VCG0	propionaldehyde
13	G7VCG0	NADP+
14	G7VCG0	H2O
15	G7VCG0	propionaldehyde
16	G7VCG0	NADP+
17	G7VCG0	H2O
18	G7VCG0	isobutyraldehyde
19	G7VCG0	NADP+
20	G7VCG0	H2O
21	G7VCG0	more
0	Q9Z110	acetaldehyde
1	Q9Z110	NAD+
2	Q9Z110	H2O
3	A7Y114	L-glutamate 5-semialdehyde
4	A7Y114	phosphate
5	A7Y114	NADP+
6	B1P5P4	L-glutamate 5-semialdehyde
7	B1P5P4	phosphate
8	B1P5P4	NADP+
9	B1P5P4	L-glutamate 5-semialdehyde
10	B1P5P4	phosphate
11	B1P5P4	NADP+
12	B1P5P5	L-glutamate 5-semialdehyde
13	B1P5P5	phosphate
14	B1P5P5	NADP+
15	B1P5P5	L-glutamate 5-semialdehyde
16	B1P5P5	phosphate
17	B1P5P5	NADP+
18	B1P5P3	L-glutamate 5-semialdehyde
19	B1P5P3	phosphate
20	B1P5P3	NADP+
21	B1P5P3	L-glutamate 5-semialdehyde
22	B1P5P3	phosphate
23	B1P5P3	NADP+
24	B1P5P7	L-glutamate 5-semialdehyde
25	B1P5P7	phosphate
26	B1P5P7	NADP+
27	B1P5P7	L-glutamate 5-semialdehyde
28	B1P5P7	phosphate
29	B1P5P7	NADP+
30	Q941T1	more
31	B1P5P6	L-glutamate 5-semialdehyde
32	B1P5P6	phosphate
33	B1P5P6	NADP+
34	B1P5P6	L-glutamate 5-semialdehyde
35	B1P5P6	phosphate
36	B1P5P6	NADP+
37	B1P5P8	L-glutamate 5-semialdehyde
38	B1P5P8	phosphate
39	B1P5P8	NADP+
40	B1P5P8	L-glutamate 5-semialdehyde
41	B1P5P8	phosphate
42	B1P5P8	NADP+
0	Q08891	more
1	Q08891	hexadecanal
2	Q08891	CoA
3	Q08891	NAD+
4	Q08891	hexadecanoyl-CoA
5	Q08891	NADPH
6	Q08891	octadecanoyl-CoA
7	Q08891	NADPH
8	Q08891	tetradecanoyl-CoA
9	Q08891	NADPH
10	B9TSP7	hexadecanoyl-CoA
11	B9TSP7	NADPH
12	B9TSP7	octadecanoyl-CoA
13	B9TSP7	NADPH
14	B9TSP7	tetradecanoyl-CoA
15	B9TSP7	NADPH
16	Q39152	hexadecanoyl-CoA
17	Q39152	NADPH
18	Q39152	octadecanoyl-CoA
19	Q39152	NADPH
20	Q39152	tetradecanoyl-CoA
21	Q39152	NADPH
0	Q4U1I5	feruloyl-CoA
1	Q4U1I5	NADPH
2	Q4U1I5	H+
3	Q4U1I5	feruloyl-CoA
4	Q4U1I5	NADPH
5	Q4U1I5	H+
6	Q4U1I5	sinapoyl-CoA
7	Q4U1I5	NADPH
8	Q4U1I5	H+
9	Q4U1I5	sinapoyl-CoA
10	Q4U1I5	NADPH
11	Q4U1I5	H+
12	Q4U1I5	caffeoyl-CoA
13	Q4U1I5	NADPH
14	Q4U1I5	H+
15	Q4U1I5	caffeoyl-CoA
16	Q4U1I5	NADPH
17	Q4U1I5	H+
18	Q4U1I5	coumaroyl-CoA
19	Q4U1I5	NADPH
20	Q4U1I5	H+
21	Q4U1I5	cinnamaldehyde
22	Q4U1I5	CoA
23	Q4U1I5	NADP+
24	Q9M631	feruloyl-CoA
25	Q9M631	NADPH
26	Q9M631	H+
27	Q9M631	feruloyl-CoA
28	Q9M631	NADPH
29	Q9M631	H+
30	Q9M631	sinapoyl-CoA
31	Q9M631	NADPH
32	Q9M631	H+
33	Q9M631	sinapoyl-CoA
34	Q9M631	NADPH
35	Q9M631	H+
36	Q9M631	caffeoyl-CoA
37	Q9M631	NADPH
38	Q9M631	H+
39	Q9M631	caffeoyl-CoA
40	Q9M631	NADPH
41	Q9M631	H+
42	Q9M631	5-hydroxyferuloyl-CoA
43	Q9M631	NADPH
44	Q9M631	H+
45	Q9M631	cinnamaldehyde
46	Q9M631	CoA
47	Q9M631	NADP+
48	Q9M631	p-coumaroyl-CoA
49	Q9M631	NADPH
50	Q9M631	H+
51	Q4U1I4	feruloyl-CoA
52	Q4U1I4	NADPH
53	Q4U1I4	H+
54	Q4U1I4	feruloyl-CoA
55	Q4U1I4	NADPH
56	Q4U1I4	H+
57	Q4U1I4	sinapoyl-CoA
58	Q4U1I4	NADPH
59	Q4U1I4	H+
60	Q4U1I4	sinapoyl-CoA
61	Q4U1I4	NADPH
62	Q4U1I4	H+
63	Q4U1I4	caffeoyl-CoA
64	Q4U1I4	NADPH
65	Q4U1I4	H+
66	Q4U1I4	caffeoyl-CoA
67	Q4U1I4	NADPH
68	Q4U1I4	H+
69	Q4U1I4	coumaroyl-CoA
70	Q4U1I4	NADPH
71	Q4U1I4	H+
72	Q4U1I4	cinnamaldehyde
73	Q4U1I4	CoA
74	Q4U1I4	NADP+
75	A8DNN6	feruloyl-CoA
76	A8DNN6	NADPH
77	A8DNN6	H+
78	A8DNN6	feruloyl-CoA
79	A8DNN6	NADPH
80	A8DNN6	H+
81	A8DNN6	sinapoyl-CoA
82	A8DNN6	NADPH
83	A8DNN6	H+
84	A8DNN6	sinapoyl-CoA
85	A8DNN6	NADPH
86	A8DNN6	H+
87	A8DNN6	caffeoyl-CoA
88	A8DNN6	NADPH
89	A8DNN6	H+
90	A8DNN6	caffeoyl-CoA
91	A8DNN6	NADPH
92	A8DNN6	H+
93	A8DNN6	5-hydroxyferuloyl-CoA
94	A8DNN6	NADPH
95	A8DNN6	H+
96	D2IX40	feruloyl-CoA
97	D2IX40	NADPH
98	D2IX40	H+
99	D2IX40	feruloyl-CoA
100	D2IX40	NADPH
101	D2IX40	H+
102	D2IX40	sinapoyl-CoA
103	D2IX40	NADPH
104	D2IX40	H+
105	D2IX40	sinapoyl-CoA
106	D2IX40	NADPH
107	D2IX40	H+
108	D2IX40	more
109	D2IX40	4-coumaroyl-CoA
110	D2IX40	NADPH
111	D2IX40	H+
112	D2IX40	5-hydroxyferuloyl-CoA
113	D2IX40	NADPH
114	D2IX40	H+
115	D2IX40	caffeoyl-CoA
116	D2IX40	NADPH
117	D2IX40	H+
118	D2IX45	feruloyl-CoA
119	D2IX45	NADPH
120	D2IX45	H+
121	D2IX45	feruloyl-CoA
122	D2IX45	NADPH
123	D2IX45	H+
124	D2IX45	sinapoyl-CoA
125	D2IX45	NADPH
126	D2IX45	H+
127	D2IX45	sinapoyl-CoA
128	D2IX45	NADPH
129	D2IX45	H+
130	D2IX45	more
131	D2IX45	4-coumaroyl-CoA
132	D2IX45	NADPH
133	D2IX45	H+
134	D2IX45	5-hydroxyferuloyl-CoA
135	D2IX45	NADPH
136	D2IX45	H+
137	D2IX45	caffeoyl-CoA
138	D2IX45	NADPH
139	D2IX45	H+
140	D3J7Z3	cinnamoyl-CoA
141	D3J7Z3	NADPH
142	D3J7Z3	H+
143	D3J7Z3	cinnamoyl-CoA
144	D3J7Z3	NADPH
145	D3J7Z3	H+
146	Q4KUK8	4-coumaroyl-CoA
147	Q4KUK8	NADPH
148	Q4KUK8	H+
149	Q4KUK8	4-coumaroyl-CoA
150	Q4KUK8	NADPH
151	Q4KUK8	H+
152	Q4KUK8	feruloyl-CoA
153	Q4KUK8	NADPH
154	Q4KUK8	H+
155	Q4KUK8	feruloyl-CoA
156	Q4KUK8	NADPH
157	Q4KUK8	H+
158	Q4KUK8	sinapoyl-CoA
159	Q4KUK8	NADPH
160	Q4KUK8	H+
161	Q4KUK8	sinapoyl-CoA
162	Q4KUK8	NADPH
163	Q4KUK8	H+
164	Q4KUK8	caffeoyl-CoA
165	Q4KUK8	NADPH
166	Q4KUK8	H+
167	Q4KUK8	caffeoyl-CoA
168	Q4KUK8	NADPH
169	Q4KUK8	H+
170	Q4KUK8	5-hydroxyferuloyl-CoA
171	Q4KUK8	NADPH
172	Q4KUK8	H+
173	Q4KUK8	cinnamaldehyde
174	Q4KUK8	CoA
175	Q4KUK8	NADP+
176	Q08GL0	feruloyl-CoA
177	Q08GL0	NADPH
178	Q08GL0	H+
179	Q08GL0	feruloyl-CoA
180	Q08GL0	NADPH
181	Q08GL0	H+
182	Q08GL0	sinapoyl-CoA
183	Q08GL0	NADPH
184	Q08GL0	H+
185	Q08GL0	sinapoyl-CoA
186	Q08GL0	NADPH
187	Q08GL0	H+
188	Q08GL0	caffeoyl-CoA
189	Q08GL0	NADPH
190	Q08GL0	H+
191	Q08GL0	caffeoyl-CoA
192	Q08GL0	NADPH
193	Q08GL0	H+
194	Q08GL0	5-hydroxyferuloyl-CoA
195	Q08GL0	NADPH
196	Q08GL0	H+
197	Q08GL0	4-coumaroyl-CoA
198	Q08GL0	NADPH
199	Q08GL0	H+
200	Q08GL0	cinnamaldehyde
201	Q08GL0	CoA
202	Q08GL0	NADP+
203	Q08GL0	feruloyl-CoA
204	Q08GL0	NADPH
205	Q08GL0	H+
206	G7JEE5	4-coumaroyl-CoA
207	G7JEE5	NADPH
208	G7JEE5	H+
209	G7JEE5	4-coumaroyl-CoA
210	G7JEE5	NADPH
211	G7JEE5	H+
212	G7JEE5	feruloyl-CoA
213	G7JEE5	NADPH
214	G7JEE5	H+
215	G7JEE5	feruloyl-CoA
216	G7JEE5	NADPH
217	G7JEE5	H+
218	G7JEE5	sinapoyl-CoA
219	G7JEE5	NADPH
220	G7JEE5	H+
221	G7JEE5	sinapoyl-CoA
222	G7JEE5	NADPH
223	G7JEE5	H+
224	G7JEE5	caffeoyl-CoA
225	G7JEE5	NADPH
226	G7JEE5	H+
227	G7JEE5	caffeoyl-CoA
228	G7JEE5	NADPH
229	G7JEE5	H+
230	G7JEE5	more
231	G7JEE5	cinnamoyl-CoA
232	G7JEE5	NADPH
233	G7JEE5	H+
234	G7JEE5	cinnamoyl-CoA
235	G7JEE5	NADPH
236	G7JEE5	H+
237	A0A059TC02	4-coumaroyl-CoA
238	A0A059TC02	NADPH
239	A0A059TC02	H+
240	A0A059TC02	4-coumaroyl-CoA
241	A0A059TC02	NADPH
242	A0A059TC02	H+
243	A0A059TC02	feruloyl-CoA
244	A0A059TC02	NADPH
245	A0A059TC02	H+
246	A0A059TC02	feruloyl-CoA
247	A0A059TC02	NADPH
248	A0A059TC02	H+
249	A0A059TC02	sinapoyl-CoA
250	A0A059TC02	NADPH
251	A0A059TC02	H+
252	A0A059TC02	sinapoyl-CoA
253	A0A059TC02	NADPH
254	A0A059TC02	H+
255	A0A059TC02	more
256	C5YLL4	4-coumaroyl-CoA
257	C5YLL4	NADPH
258	C5YLL4	H+
259	C5YLL4	4-coumaroyl-CoA
260	C5YLL4	NADPH
261	C5YLL4	H+
262	C5YLL4	feruloyl-CoA
263	C5YLL4	NADPH
264	C5YLL4	H+
265	C5YLL4	feruloyl-CoA
266	C5YLL4	NADPH
267	C5YLL4	H+
268	C5YLL4	caffeoyl-CoA
269	C5YLL4	NADPH
270	C5YLL4	H+
271	C5YLL4	caffeoyl-CoA
272	C5YLL4	NADPH
273	C5YLL4	H+
274	C5YLL4	more
275	A0A0F7EVN0	feruloyl-CoA
276	A0A0F7EVN0	NADPH
277	A0A0F7EVN0	H+
278	A0A0F7EVN0	feruloyl-CoA
279	A0A0F7EVN0	NADPH
280	A0A0F7EVN0	H+
281	A0A0F7EVN0	more
282	T1WWB5	4-coumaroyl-CoA
283	T1WWB5	NADPH
284	T1WWB5	H+
285	T1WWB5	4-coumaroyl-CoA
286	T1WWB5	NADPH
287	T1WWB5	H+
288	T1WWB5	feruloyl-CoA
289	T1WWB5	NADPH
290	T1WWB5	H+
291	T1WWB5	feruloyl-CoA
292	T1WWB5	NADPH
293	T1WWB5	H+
294	T1WWB5	sinapoyl-CoA
295	T1WWB5	NADPH
296	T1WWB5	H+
297	T1WWB5	sinapoyl-CoA
298	T1WWB5	NADPH
299	T1WWB5	H+
300	T1WWB5	caffeoyl-CoA
301	T1WWB5	NADPH
302	T1WWB5	H+
303	T1WWB5	caffeoyl-CoA
304	T1WWB5	NADPH
305	T1WWB5	H+
306	T1WWB5	more
307	Q6S3D7	4-coumaroyl-CoA
308	Q6S3D7	NADPH
309	Q6S3D7	H+
310	Q6S3D7	4-coumaroyl-CoA
311	Q6S3D7	NADPH
312	Q6S3D7	H+
313	Q6S3D7	feruloyl-CoA
314	Q6S3D7	NADPH
315	Q6S3D7	H+
316	Q6S3D7	feruloyl-CoA
317	Q6S3D7	NADPH
318	Q6S3D7	H+
319	Q6S3D7	sinapoyl-CoA
320	Q6S3D7	NADPH
321	Q6S3D7	H+
322	Q6S3D7	sinapoyl-CoA
323	Q6S3D7	NADPH
324	Q6S3D7	H+
325	Q6S3D7	caffeoyl-CoA
326	Q6S3D7	NADPH
327	Q6S3D7	H+
328	Q6S3D7	caffeoyl-CoA
329	Q6S3D7	NADPH
330	Q6S3D7	H+
331	Q6S3D7	more
332	Q6S3D7	cinnamoyl-CoA
333	Q6S3D7	NADPH
334	Q6S3D7	H+
335	Q6S3D7	cinnamoyl-CoA
336	Q6S3D7	NADPH
337	Q6S3D7	H+
338	J7II91	4-coumaroyl-CoA
339	J7II91	NADPH
340	J7II91	H+
341	J7II91	4-coumaroyl-CoA
342	J7II91	NADPH
343	J7II91	H+
344	J7II91	feruloyl-CoA
345	J7II91	NADPH
346	J7II91	H+
347	J7II91	feruloyl-CoA
348	J7II91	NADPH
349	J7II91	H+
350	J7II91	sinapoyl-CoA
351	J7II91	NADPH
352	J7II91	H+
353	J7II91	sinapoyl-CoA
354	J7II91	NADPH
355	J7II91	H+
356	J7II91	caffeoyl-CoA
357	J7II91	NADPH
358	J7II91	H+
359	J7II91	caffeoyl-CoA
360	J7II91	NADPH
361	J7II91	H+
362	J7II91	more
363	J7II91	cinnamoyl-CoA
364	J7II91	NADPH
365	J7II91	H+
366	J7II91	cinnamoyl-CoA
367	J7II91	NADPH
368	J7II91	H+
369	D9ZKR8	4-coumaroyl-CoA
370	D9ZKR8	NADPH
371	D9ZKR8	H+
372	D9ZKR8	4-coumaroyl-CoA
373	D9ZKR8	NADPH
374	D9ZKR8	H+
375	D9ZKR8	feruloyl-CoA
376	D9ZKR8	NADPH
377	D9ZKR8	H+
378	D9ZKR8	feruloyl-CoA
379	D9ZKR8	NADPH
380	D9ZKR8	H+
381	B3VKV0	4-coumaroyl-CoA
382	B3VKV0	NADPH
383	B3VKV0	H+
384	B3VKV0	4-coumaroyl-CoA
385	B3VKV0	NADPH
386	B3VKV0	H+
387	B3VKV0	feruloyl-CoA
388	B3VKV0	NADPH
389	B3VKV0	H+
390	B3VKV0	feruloyl-CoA
391	B3VKV0	NADPH
392	B3VKV0	H+
393	B3VKV0	caffeoyl-CoA
394	B3VKV0	NADPH
395	B3VKV0	H+
396	B3VKV0	caffeoyl-CoA
397	B3VKV0	NADPH
398	B3VKV0	H+
399	B3VKV0	more
400	A0A023HHB5	4-coumaroyl-CoA
401	A0A023HHB5	NADPH
402	A0A023HHB5	H+
403	A0A023HHB5	4-coumaroyl-CoA
404	A0A023HHB5	NADPH
405	A0A023HHB5	H+
406	A0A023HHB5	feruloyl-CoA
407	A0A023HHB5	NADPH
408	A0A023HHB5	H+
409	A0A023HHB5	feruloyl-CoA
410	A0A023HHB5	NADPH
411	A0A023HHB5	H+
0	P46154	formaldehyde
1	P46154	NAD+
2	P46154	H2O
3	P46154	formaldehyde
4	P46154	NAD+
5	P46154	H2O
6	Q9HTE3	formaldehyde
7	Q9HTE3	NAD+
8	Q9HTE3	H2O
0	Q9JLJ2	acetaldehyde
1	Q9JLJ2	NAD+
2	Q9JLJ2	H2O
3	Q9JLJ2	4-N-trimethylaminobutyraldehyde
4	Q9JLJ2	NAD+
5	Q9JLJ2	H2O
6	P49189	4-trimethylammoniobutanal
7	P49189	NAD+
8	P49189	H2O
9	P49189	gamma-aminobutyraldehyde
10	P49189	NAD+
11	P49189	H2O
12	Q9JLJ3	4-trimethylammoniobutanal
13	Q9JLJ3	NAD+
14	Q9JLJ3	H2O
15	Q9JLJ3	acetaldehyde
16	Q9JLJ3	NAD+
17	Q9JLJ3	H2O
18	Q9JLJ3	4-trimethylaminobutyraldehyde
19	Q9JLJ3	NAD+
20	Q9JLJ3	4-trimethylaminobutyraldehyde
21	Q9JLJ3	NAD+
22	Q9JLJ3	butyraldehyde
23	Q9JLJ3	NAD+
24	Q9JLJ3	propionaldehyde
25	Q9JLJ3	NAD+
26	Q9JLJ3	4-trimethylaminobutyraldehyde
27	Q9JLJ3	NADP+
28	Q9JLJ3	H2O
29	Q9JLJ3	betaine aldehyde
30	Q9JLJ3	NAD+
31	Q9JLJ3	gamma-aminobutyraldehyde
32	Q9JLJ3	NAD+
33	Q9JLJ3	heptanal
34	Q9JLJ3	NAD+
35	Q9JLJ3	hexadecanal
36	Q9JLJ3	NAD+
37	Q9JLJ3	hexanal
38	Q9JLJ3	NAD+
39	Q9JLJ3	H2O
40	Q9JLJ3	octanal
41	Q9JLJ3	NAD+
42	Q9JLJ3	H2O
43	Q9JLJ3	pentanal
44	Q9JLJ3	NAD+
45	Q9JLJ3	trimethylaminobutyraldehyde
46	Q9JLJ3	NAD+
47	Q9JLJ3	H2O
48	N0DT23	more
49	N0DT23	4-N-trimethylaminobutyraldehyde
50	N0DT23	NAD+
51	N0DT23	H2O
52	N0DT23	4-dimethylaminobutyraldehyde
53	N0DT23	NAD+
54	N0DT23	H2O
0	Q9FAB1	betaine aldehyde
1	Q9FAB1	NAD+
2	Q9FAB1	H2O
3	Q9FAB1	glyceraldehyde
4	Q9FAB1	NAD+
5	Q9FAB1	H2O
6	Q9FAB1	hexanal
7	Q9FAB1	NAD+
8	Q9FAB1	H2O
9	Q9FAB1	hexanal
10	Q9FAB1	NAD+
11	Q9FAB1	H2O
12	Q9FAB1	octanal
13	Q9FAB1	NAD+
14	Q9FAB1	H2O
15	Q9FAB1	p-cumic aldehyde
16	Q9FAB1	NAD+
17	Q9FAB1	H2O
18	Q9FAB1	retinal
19	Q9FAB1	NAD+
20	Q9FAB1	H2O
21	Q9FAB1	acetaldehyde
22	Q9FAB1	NAD+
23	Q9FAB1	H2O
24	Q9FAB1	dodecanal
25	Q9FAB1	NAD+
26	Q9FAB1	H2O
27	Q9FAB1	tetradecanal
28	Q9FAB1	NAD+
29	Q9FAB1	H2O
30	Q9FAB1	more
31	Q9FAB1	octanal
32	Q9FAB1	NAD+
33	Q9FAB1	H2O
34	Q9FAB1	benzaldehyde
35	Q9FAB1	NAD+
36	Q9FAB1	H2O
37	E9Q3E1	hexadecanal
38	E9Q3E1	NAD+
39	E9Q3E1	H2O
40	E9Q3E1	more
41	J3QMK6	hexadecanal
42	J3QMK6	NAD+
43	J3QMK6	H2O
44	J3QMK6	more
45	P51648	a long-chain aldehyde
46	P51648	NAD+
47	P51648	H2O
48	P51648	more
0	Q8KZT4	benzaldehyde
1	Q8KZT4	NAD+
2	Q8KZT4	H2O
3	Q8KZT4	benzaldehyde
4	Q8KZT4	NAD+
5	Q8KZT4	H2O
6	Q8KZT4	benzaldehyde
7	Q8KZT4	NADP+
8	Q8KZT4	H2O
9	Q8KZT4	butyraldehyde
10	Q8KZT4	NAD(P)+
11	Q8KZT4	H2O
12	Q8KZT4	formaldehyde
13	Q8KZT4	NAD(P)+
14	Q8KZT4	H2O
15	Q8KZT4	heptylaldehyde
16	Q8KZT4	NAD(P)+
17	Q8KZT4	H2O
18	Q8KZT4	hexylaldehyde
19	Q8KZT4	NAD(P)+
20	Q8KZT4	H2O
21	Q8KZT4	isobutyraldehyde
22	Q8KZT4	NAD(P)+
23	Q8KZT4	H2O
24	Q8KZT4	isobutyraldehyde
25	Q8KZT4	NAD(P)+
26	Q8KZT4	H2O
27	Q8KZT4	isovaleraldehyde
28	Q8KZT4	NAD(P)+
29	Q8KZT4	H2O
30	Q8KZT4	m-bromobenzaldehyde
31	Q8KZT4	NAD(P)+
32	Q8KZT4	H2O
33	Q8KZT4	m-chlorobenzaldehyde
34	Q8KZT4	NAD(P)+
35	Q8KZT4	H2O
36	Q8KZT4	m-fluorobenzaldehyde
37	Q8KZT4	NAD(P)+
38	Q8KZT4	H2O
39	Q8KZT4	o-fluorobenzaldehyde
40	Q8KZT4	NAD(P)+
41	Q8KZT4	H2O
42	Q8KZT4	o-methoxybenzaldehyde
43	Q8KZT4	NAD(P)+
44	Q8KZT4	H2O
45	Q8KZT4	octylaldehyde
46	Q8KZT4	NAD(P)+
47	Q8KZT4	H2O
48	Q8KZT4	p-bromobenzaldehyde
49	Q8KZT4	NAD(P)+
50	Q8KZT4	H2O
51	Q8KZT4	p-chlorobenzaldehyde
52	Q8KZT4	NAD(P)+
53	Q8KZT4	H2O
54	Q8KZT4	p-fluorobenzaldehyde
55	Q8KZT4	NAD(P)+
56	Q8KZT4	H2O
57	Q8KZT4	p-isopropylbenzaldehyde
58	Q8KZT4	NAD(P)+
59	Q8KZT4	H2O
60	Q8KZT4	propionaldehyde
61	Q8KZT4	NAD(P)+
62	Q8KZT4	H2O
63	Q8KZT4	valeraldehyde
64	Q8KZT4	NAD(P)+
65	Q8KZT4	H2O
66	Q8KZT4	glyceraldehyde
67	Q8KZT4	NAD(P)+
68	Q8KZT4	H2O
69	Q8KZT4	acetaldehyde
70	Q8KZT4	NAD(P)+
71	Q8KZT4	H2O
72	Q9JHW9	acetaldehyde
73	Q9JHW9	NAD+
74	Q9JHW9	H2O
75	Q9JHW9	acetaldehyde
76	Q9JHW9	NAD+
77	Q9JHW9	H2O
78	Q9JHW9	4-hydroxy-2-nonenal
79	Q9JHW9	NAD(P)+
80	Q9JHW9	H2O
81	Q9JHW9	malondialdehyde
82	Q9JHW9	NAD(P)+
83	Q9JHW9	H2O
84	Q13WK4	more
85	Q13WK4	heptanal
86	Q13WK4	NADP+
87	Q13WK4	H2O
88	Q13WK4	isovaleraldehyde
89	Q13WK4	NADP+
90	Q13WK4	H2O
91	Q13WK4	valeraldehyde
92	Q13WK4	NADP+
93	Q13WK4	H2O
94	Q13WK4	propionaldehyde
95	Q13WK4	NAD+
96	Q13WK4	H2O
97	Q13WK4	propionaldehyde
98	Q13WK4	NAD+
99	Q13WK4	H2O
100	Q13WK4	formaldehyde
101	Q13WK4	NADP+
102	Q13WK4	H2O
103	Q13WK4	benzaldehyde
104	Q13WK4	NADP+
105	Q13WK4	H2O
106	Q13WK4	propionaldehyde
107	Q13WK4	NADP+
108	Q13WK4	H2O
109	P30838	more
110	P30838	1-formyl-6-methylpyrene
111	P30838	NADP+
112	P30838	H2O
113	P30838	1-formyl-8-methylpyrene
114	P30838	NADP+
115	P30838	H2O
116	P30838	1-formylpyrene
117	P30838	NADP+
118	P30838	H2O
119	P30838	2-formylpyrene
120	P30838	NADP+
121	P30838	H2O
122	P30838	2-naphthaldehyde
123	P30838	NADH
124	P30838	H+
125	P30838	4-formylpyrene
126	P30838	NADP+
127	P30838	H2O
128	P30838	6-methoxy-2-naphthaldehyde
129	P30838	NADH
130	P30838	H+
131	P30838	benzaldehyde
132	P30838	NADH
133	P30838	H+
134	P30838	cinnamaldehyde
135	P30838	NADH
136	P30838	H+
137	P30838	mafosfamide
138	P30838	NADP+
139	P30838	H2O
140	P30838	p-hydroxybenzaldehyde
141	P30838	NADP+
142	P30838	H2O
143	P30838	p-nitrobenzaldehyde
144	P30838	NADP+
145	P30838	H2O
146	P30838	3,4-dihydroxyphenylacetaldehyde
147	P30838	NAD+
148	P30838	H2O
149	P30838	3,4-dihydroxyphenylglycolaldehyde
150	P30838	NAD+
151	P30838	H2O
152	P30838	formaldehyde
153	P30838	NADP+
154	P30838	H2O
155	P30838	acetaldehyde
156	P30838	NADP+
157	P30838	H2O
158	P30838	benzaldehyde
159	P30838	NADP+
160	P30838	H2O
161	P30838	propionaldehyde
162	P30838	NADP+
163	P30838	H2O
164	P47739	acetaldehyde
165	P47739	NAD+
166	P47739	H2O
167	P47739	acetaldehyde
168	P47739	NAD+
169	P47739	H2O
170	Q80VQ0	acetaldehyde
171	Q80VQ0	NAD+
172	Q80VQ0	H2O
173	Q80VQ0	acetaldehyde
174	Q80VQ0	NAD+
175	Q80VQ0	H2O
176	P47895	3,4-dihydroxyphenylacetaldehyde
177	P47895	NAD+
178	P47895	H2O
179	P47895	3,4-dihydroxyphenylglycolaldehyde
180	P47895	NAD+
181	P47895	H2O
182	P47895	retinal
183	P47895	NAD+
184	P47895	H2O
185	P43353	3,4-dihydroxyphenylacetaldehyde
186	P43353	NAD+
187	P43353	H2O
188	P43353	3,4-dihydroxyphenylglycolaldehyde
189	P43353	NAD+
190	P43353	H2O
191	P11884	benzaldehyde
192	P11884	NADP+
193	P11884	H2O
194	Q9FRX7	more
195	Q6H627	more
196	Q0DZ46	more
197	Q7XR89	more
198	Q53NG8	more
199	Q69P84	more
200	Q9LRE9	more
201	Q9LRI6	more
202	Q13WK4	propionaldehyde
203	Q13WK4	NAD+
204	Q13WK4	H2O
205	Q13WK4	propionaldehyde
206	Q13WK4	NAD+
207	Q13WK4	H2O
208	Q976X5	benzaldehyde
209	Q976X5	NAD+
210	Q976X5	H2O
211	Q976X5	benzaldehyde
212	Q976X5	NAD+
213	Q976X5	H2O
214	Q976X5	acetaldehyde
215	Q976X5	NAD+
216	Q976X5	H2O
217	Q976X5	acetaldehyde
218	Q976X5	NAD+
219	Q976X5	H2O
220	Q976X5	more
221	Q976X5	propionaldehyde
222	Q976X5	NAD+
223	Q976X5	H2O
224	Q976X5	propionaldehyde
225	Q976X5	NAD+
226	Q976X5	H2O
227	Q976X5	1,3-dihydroxyacetone
228	Q976X5	NAD+
229	Q976X5	H2O
230	Q976X5	3-nitrobenzaldehyde
231	Q976X5	NAD+
232	Q976X5	H2O
233	Q976X5	D-glyceraldehyde
234	Q976X5	NAD+
235	Q976X5	H2O
236	Q976X5	D-glyceraldehyde
237	Q976X5	NADP+
238	Q976X5	H2O
239	Q976X5	D-glyceraldehyde 3-phosphate
240	Q976X5	NAD+
241	Q976X5	H2O
242	Q976X5	acetaldehyde
243	Q976X5	NADP+
244	Q976X5	H2O
245	Q976X5	an aldehyde
246	Q976X5	NAD+
247	Q976X5	H2O
248	Q976X5	butyraldehyde
249	Q976X5	NAD+
250	Q976X5	H2O
251	Q976X5	glycolaldehyde
252	Q976X5	NAD+
253	Q976X5	H2O
254	Q976X5	an aldehyde
255	Q976X5	NADP+
256	Q976X5	H2O
257	Q976X5	an aldehyde
258	Q976X5	NADP+
259	Q976X5	H2O
260	A0A150BLG9	benzaldehyde
261	A0A150BLG9	NAD+
262	A0A150BLG9	H2O
263	A0A150BLG9	benzaldehyde
264	A0A150BLG9	NAD+
265	A0A150BLG9	H2O
266	A0A150BLG9	acetaldehyde
267	A0A150BLG9	NAD+
268	A0A150BLG9	H2O
269	A0A150BLG9	acetaldehyde
270	A0A150BLG9	NAD+
271	A0A150BLG9	H2O
272	A0A150BLG9	more
273	A0A150BLG9	all-trans-retinal
274	A0A150BLG9	NAD+
275	A0A150BLG9	H2O
276	A0A150BLG9	all-trans-retinal
277	A0A150BLG9	NADP+
278	A0A150BLG9	H2O
0	Q08891	more
1	Q1PEI6	more
2	B9TSP7	more
3	Q39152	more
4	Q93ZB9	more
5	D9MWM7	more
6	D9MWM7	a long-chain fatty acyl-CoA
7	D9MWM7	NADPH
8	D9MWM7	H+
9	Q8RR58	more
10	Q8RR58	arachidoyl-CoA
11	Q8RR58	NADP+
12	Q8RR58	lauroyl-CoA
13	Q8RR58	NADP+
14	Q8RR58	myristoyl-CoA
15	Q8RR58	NADP+
16	Q8RR58	palmitoyl-CoA
17	Q8RR58	NADP+
18	Q8RR58	stearoyl-CoA
19	Q8RR58	NADP+
0	Q94IN5	pyruvate
1	Q94IN5	CoA
2	Q94IN5	NADP+
3	Q94IN5	pyruvate
4	Q94IN5	CoA
5	Q94IN5	NADP+
0	D9TQ00	butanoyl-CoA
1	D9TQ00	NADH
2	D9TQ00	H+
3	D9TQ00	butanoyl-CoA
4	D9TQ00	NADH
5	D9TQ00	H+
6	D9TQ00	butanoyl-CoA
7	D9TQ00	FADH2
8	D9TQ00	butanoyl-CoA
9	D9TQ00	NADPH
10	D9TQ00	H+
0	Q971K2	D-glyceraldehyde 3-phosphate
1	Q971K2	phosphate
2	Q971K2	NADP+
3	Q971K2	D-glyceraldehyde 3-phosphate
4	Q971K2	phosphate
5	Q971K2	NADP+
6	Q971K2	3-phospho-D-glyceroyl phosphate
7	Q971K2	NADPH
8	Q971K2	H+
9	Q971K2	D-glyceraldehyde 3-phosphate
10	Q971K2	phosphate
11	Q971K2	NAD+
12	Q971K2	D-glyceraldehyde 3-phosphate
13	Q971K2	phosphate
14	Q971K2	NAD+
15	O34425	D-glyceraldehyde 3-phosphate
16	O34425	NADP+
17	O34425	H2O
18	Q01651	D-glyceraldehyde 3-phosphate
19	Q01651	phosphate
20	Q01651	NADP+
21	Q01651	D-glyceraldehyde 3-phosphate
22	Q01651	phosphate
23	Q01651	NADP+
24	Q01651	D-glyceraldehyde 3-phosphate
25	Q01651	phosphate
26	Q01651	NAD+
27	Q01651	D-glyceraldehyde 3-phosphate
28	Q01651	phosphate
29	Q01651	NAD+
30	Q8E3E8	D-glyceraldehyde 3-phosphate
31	Q8E3E8	phosphate
32	Q8E3E8	NADP+
33	Q8E3E8	D-glyceraldehyde 3-phosphate
34	Q8E3E8	phosphate
35	Q8E3E8	NADP+
36	Q8E3E8	D-glyceraldehyde 3-phosphate
37	Q8E3E8	phosphate
38	Q8E3E8	NAD+
39	Q8E3E8	D-glyceraldehyde 3-phosphate
40	Q8E3E8	phosphate
41	Q8E3E8	NAD+
42	O52631	D-glyceraldehyde 3-phosphate
43	O52631	phosphate
44	O52631	NADP+
45	O52631	D-glyceraldehyde 3-phosphate
46	O52631	phosphate
47	O52631	NADP+
48	O52631	D-glyceraldehyde 3-phosphate
49	O52631	phosphate
50	O52631	NAD+
51	O52631	D-glyceraldehyde 3-phosphate
52	O52631	phosphate
53	O52631	NAD+
54	P61879	D-glyceraldehyde 3-phosphate
55	P61879	phosphate
56	P61879	NADP+
57	P61879	D-glyceraldehyde 3-phosphate
58	P61879	phosphate
59	P61879	NADP+
60	P61879	D-glyceraldehyde 3-phosphate
61	P61879	phosphate
62	P61879	NAD+
63	P61879	D-glyceraldehyde 3-phosphate
64	P61879	phosphate
65	P61879	NAD+
0	F8TW85	4-hydroxymuconic semialdehyde
1	F8TW85	NAD+
2	F8TW85	H2O
3	C1I208	4-hydroxymuconic semialdehyde
4	C1I208	NAD+
5	C1I208	H2O
0	Q6XUN9	5-chlorosalicylaldehyde
1	Q6XUN9	NAD+
2	Q6XUN9	H2O
3	Q6XUN9	caprylic aldehyde
4	Q6XUN9	NAD+
5	Q6XUN9	H2O
6	Q6XUN9	formaldehyde
7	Q6XUN9	NAD+
8	Q6XUN9	H2O
9	Q6XUN9	glutaraldehyde
10	Q6XUN9	NAD+
11	Q6XUN9	H2O
12	Q6XUN9	glyoxal
13	Q6XUN9	NAD+
14	Q6XUN9	H2O
15	Q6XUN9	m-nitrobenzaldehyde
16	Q6XUN9	NAD+
17	Q6XUN9	H2O
18	Q6XUN9	o-methoxybenxaldehyde
19	Q6XUN9	NAD+
20	Q6XUN9	H2O
21	Q6XUN9	o-nitrobenzaldehyde
22	Q6XUN9	NAD+
23	Q6XUN9	H2O
24	Q6XUN9	salicylaldehyde
25	Q6XUN9	NAD+
26	Q6XUN9	H2O
27	Q6XUJ4	5-chlorosalicylaldehyde
28	Q6XUJ4	NAD+
29	Q6XUJ4	H2O
30	Q6XUJ4	caprylic aldehyde
31	Q6XUJ4	NAD+
32	Q6XUJ4	H2O
33	Q6XUJ4	formaldehyde
34	Q6XUJ4	NAD+
35	Q6XUJ4	H2O
36	Q6XUJ4	glutaraldehyde
37	Q6XUJ4	NAD+
38	Q6XUJ4	H2O
39	Q6XUJ4	glyoxal
40	Q6XUJ4	NAD+
41	Q6XUJ4	H2O
42	Q6XUJ4	m-nitrobenzaldehyde
43	Q6XUJ4	NAD+
44	Q6XUJ4	H2O
45	Q6XUJ4	o-methoxybenxaldehyde
46	Q6XUJ4	NAD+
47	Q6XUJ4	H2O
48	Q6XUJ4	o-nitrobenzaldehyde
49	Q6XUJ4	NAD+
50	Q6XUJ4	H2O
51	Q6XUJ4	salicylaldehyde
52	Q6XUJ4	NAD+
53	Q6XUJ4	H2O
54	F5Z5S7	salicylaldehyde
55	F5Z5S7	NAD+
56	F5Z5S7	H2O
57	I3QHK7	salicylaldehyde
58	I3QHK7	NAD+
59	I3QHK7	H2O
0	A2PZP3	benzaldehyde
1	A2PZP3	NAD+
2	A2PZP3	H2O
3	A2PZP3	coniferyl aldehyde
4	A2PZP3	NAD+
5	A2PZP3	H2O
6	A2PZP3	m-anisaldehyde
7	A2PZP3	NAD+
8	A2PZP3	H2O
9	A2PZP3	p-hydroxybenzaldehyde
10	A2PZP3	NAD+
11	A2PZP3	H2O
12	A2PZP3	protocatechualdehyde
13	A2PZP3	NAD+
14	A2PZP3	H2O
15	A2PZP3	vanillin
16	A2PZP3	NAD+
17	A2PZP3	H2O
18	A2PZP3	veratraldehyde
19	A2PZP3	NAD+
20	A2PZP3	H2O
21	A2PZP3	syringaldehyde
22	A2PZP3	NAD+
23	A2PZP3	H2O
24	Q0SCE7	vanillin
25	Q0SCE7	NAD+
26	Q0SCE7	H2O
27	K9UV87	benzaldehyde
28	K9UV87	NAD+
29	K9UV87	H2O
30	K9UV87	more
31	K9UV87	vanillin
32	K9UV87	NAD+
33	K9UV87	H2O
34	K9UV87	coniferylaldehyde
35	K9UV87	NAD+
36	K9UV87	H2O
37	K9UV87	cinnamaldehyde
38	K9UV87	NAD+
39	K9UV87	H2O
40	G2IMC6	benzaldehyde
41	G2IMC6	NAD+
42	G2IMC6	H2O
43	G2IMC6	3-hydroxybenzaldehyde
44	G2IMC6	NAD+
45	G2IMC6	H2O
46	G2IMC6	salicylaldehyde
47	G2IMC6	NAD+
48	G2IMC6	H2O
49	G2IMC6	4-hydroxybenzaldehyde
50	G2IMC6	NAD+
51	G2IMC6	H2O
52	G2IMC6	more
53	G2IMC6	vanillin
54	G2IMC6	NAD+
55	G2IMC6	H2O
56	G2IMC6	syringaldehyde
57	G2IMC6	NAD+
58	G2IMC6	H2O
59	G2IMC6	coniferyl aldehyde
60	G2IMC6	NAD+
61	G2IMC6	H2O
62	G2IMC6	m-anisaldehyde
63	G2IMC6	NAD+
64	G2IMC6	H2O
65	G2IMC6	protocatechualdehyde
66	G2IMC6	NAD+
67	G2IMC6	H2O
68	G2IMC6	veratraldehyde
69	G2IMC6	NAD+
70	G2IMC6	H2O
71	G2IKV5	benzaldehyde
72	G2IKV5	NAD+
73	G2IKV5	H2O
74	G2IKV5	3-hydroxybenzaldehyde
75	G2IKV5	NAD+
76	G2IKV5	H2O
77	G2IKV5	salicylaldehyde
78	G2IKV5	NAD+
79	G2IKV5	H2O
80	G2IKV5	4-hydroxybenzaldehyde
81	G2IKV5	NAD+
82	G2IKV5	H2O
83	G2IKV5	more
84	G2IKV5	vanillin
85	G2IKV5	NAD+
86	G2IKV5	H2O
87	G2IKV5	syringaldehyde
88	G2IKV5	NAD+
89	G2IKV5	H2O
90	G2IKV5	coniferyl aldehyde
91	G2IKV5	NAD+
92	G2IKV5	H2O
93	G2IKV5	m-anisaldehyde
94	G2IKV5	NAD+
95	G2IKV5	H2O
96	G2IKV5	protocatechualdehyde
97	G2IKV5	NAD+
98	G2IKV5	H2O
99	G2IKV5	veratraldehyde
100	G2IKV5	NAD+
101	G2IKV5	H2O
102	G2IKV5	syringaldehyde
103	G2IKV5	NADP+
104	G2IKV5	H2O
105	Q8NMB0	benzaldehyde
106	Q8NMB0	NAD+
107	Q8NMB0	H2O
108	Q8NMB0	4-hydroxybenzaldehyde
109	Q8NMB0	NAD+
110	Q8NMB0	H2O
111	Q8NMB0	3,4-dihydroxybenzaldehyde
112	Q8NMB0	NAD+
113	Q8NMB0	H2O
114	Q8NMB0	more
115	Q8NMB0	vanillin
116	Q8NMB0	NAD+
117	Q8NMB0	H2O
118	Q8NMB0	syringaldehyde
119	Q8NMB0	NAD+
120	Q8NMB0	H2O
121	Q8NMB0	cinnamaldehyde
122	Q8NMB0	NAD+
123	Q8NMB0	H2O
124	Q8NMB0	o-phthaldialdehyde
125	Q8NMB0	NAD+
126	Q8NMB0	H2O
127	K9UV87	vanillin
128	K9UV87	NAD+
129	K9UV87	H2O
130	B9W7C4	benzaldehyde
131	B9W7C4	NAD+
132	B9W7C4	H2O
133	B9W7C4	4-hydroxybenzaldehyde
134	B9W7C4	NAD+
135	B9W7C4	H2O
136	B9W7C4	more
137	B9W7C4	cyclohexanecarboxyaldehyde
138	B9W7C4	NAD+
139	B9W7C4	H2O
0	Q86447	coniferyl aldehyde
1	Q86447	H2O
2	Q86447	NAD+
3	Q86447	coniferaldehyde
4	Q86447	CoA
5	Q86447	NADP+
0	Q9UXR8	L-glutamyl-tRNAGlu
1	Q9UXR8	NADPH
2	Q9UXR8	H+
3	P28462	L-glutamyl-tRNAGlu
4	P28462	NADH
5	P28462	H+
6	P0A6X1	L-glutamyl-tRNAGlu
7	P0A6X1	NADPH
8	P0A6X1	H+
9	P0A6X1	L-glutaminyl-tRNAGlu
10	P0A6X1	NADPH
11	P0A6X1	H+
12	D3JIR5	L-glutamyl-tRNAGlu
13	D3JIR5	NADPH
14	D3JIR5	H+
15	Q9FPR7	L-glutamyl-tRNAGlu
16	Q9FPR7	NADH
17	Q9FPR7	H+
18	Q42843	L-glutamyl-tRNAGlu
19	Q42843	NADPH
20	Q42843	H+
21	P42804	L-glutamyl-tRNAGlu
22	P42804	NADPH
23	P42804	H+
24	P42804	L-glutamate 1-semialdehyde
25	P42804	NADP+
26	P42804	tRNAGlu
27	P42804	more
28	B7J8J0	L-glutamyl-tRNAGlu
29	B7J8J0	NADPH
30	B7J8J0	H+
0	P0A9B6	more
1	P0A9B6	D-erythrose 4-phosphate
2	P0A9B6	NAD+
3	P0A9B6	D-ribose 5-phosphate
4	P0A9B6	NAD+
0	Q96YK1	malonyl-CoA
1	Q96YK1	NADPH
2	Q96YK1	H+
3	Q96YK1	malonyl-CoA
4	Q96YK1	NADPH
5	Q96YK1	H+
6	Q96YK1	malonate semialdehyde
7	Q96YK1	coenzyme A
8	Q96YK1	NADP+
9	Q96YK1	succinate semialdehyde
10	Q96YK1	coenzyme A
11	Q96YK1	NADP+
12	Q96YK1	succinyl-CoA
13	Q96YK1	NADPH
14	Q96YK1	H+
15	Q96YK1	succinyl-CoA
16	Q96YK1	NADPH
17	Q96YK1	H+
18	Q96YK1	malonyl-CoA
19	Q96YK1	NADPH
20	Q96YK1	H+
21	Q6QQP7	malonyl-CoA
22	Q6QQP7	NADPH
23	Q6QQP7	H+
0	Q13WK4	3,4-dehydroadipyl-CoA semialdehyde
1	Q13WK4	NADP+
2	Q13WK4	H2O
3	Q13WK4	3,4-didehydroadipyl-CoA semialdehyde
4	Q13WK4	NAD+
5	Q13WK4	H2O
6	Q13WK4	benzaldehyde
7	Q13WK4	NADP+
8	Q13WK4	H2O
9	Q13WK4	cis-3,4-dehydroadipyl-CoA semialdehyde
10	Q13WK4	NADP+
11	Q13WK4	H2O
12	Q13WK4	formaldehyde
13	Q13WK4	NADP+
14	Q13WK4	H2O
15	Q13WK4	heptaldehyde
16	Q13WK4	NADP+
17	Q13WK4	H2O
18	Q13WK4	isovaleraldehyde
19	Q13WK4	NADP+
20	Q13WK4	H2O
21	Q13WK4	more
22	Q13WK4	propionaldehyde
23	Q13WK4	NADP+
24	Q13WK4	H2O
25	Q13WK4	valeraldehyde
26	Q13WK4	NADP+
27	Q13WK4	H2O
0	Q79EM7	2-carboxybenzaldehyde
1	Q79EM7	NAD+
2	Q79EM7	H2O
3	Q79EM7	more
4	Q79EM7	2-nitrobenzaldehyde
5	Q79EM7	NAD+
6	Q79EM7	H2O
0	P9WNX9	succinic semialdehyde
1	P9WNX9	NADP+
2	P9WNX9	H2O
3	P9WNX9	more
4	B1XMM6	succinate semialdehyde
5	B1XMM6	NADP+
6	B1XMM6	H2O
7	B1XMM6	succinate semialdehyde
8	B1XMM6	NADP+
9	B1XMM6	H2O
10	A0A0J9X1M8	succinate semialdehyde
11	A0A0J9X1M8	NADP+
12	A0A0J9X1M8	H2O
13	A0A0J9X1M8	succinate semialdehyde
14	A0A0J9X1M8	NADP+
15	A0A0J9X1M8	H2O
16	A0A0J9X1M8	more
17	A0A0J9X1M8	succinate semialdehyde
18	A0A0J9X1M8	NAD+
19	A0A0J9X1M8	H2O
20	B1XMM6	succinate semialdehyde
21	B1XMM6	NADP+
22	B1XMM6	H2O
23	B1XMM6	succinate semialdehyde
24	B1XMM6	NADP+
25	B1XMM6	H2O
26	Q97XA5	succinate semialdehyde
27	Q97XA5	NADP+
28	Q97XA5	H2O
29	Q97XA5	succinate semialdehyde
30	Q97XA5	NADP+
31	Q97XA5	H2O
32	Q97XA5	2,5-dioxopentanoate
33	Q97XA5	NAD+
34	Q97XA5	H2O
35	Q97XA5	2,5-dioxopentanoate
36	Q97XA5	NADP+
37	Q97XA5	H2O
38	Q97XA5	succinate semialdehyde
39	Q97XA5	NAD+
40	Q97XA5	H2O
41	P25526	succinate semialdehyde
42	P25526	NADP+
43	P25526	H2O
44	P25526	succinate semialdehyde
45	P25526	NADP+
46	P25526	H2O
47	P25526	more
48	P25526	3-carboxybenzaldehyde
49	P25526	NADP+
50	P25526	H2O
51	P25526	3-nitrobenzaldehyde
52	P25526	NADP+
53	P25526	H2O
54	P25526	4-carboxybenzaldehyde
55	P25526	NADP+
56	P25526	H2O
57	P25526	benzaldehyde
58	P25526	NADP+
59	P25526	H2O
60	P25526	n-butanal
61	P25526	NADP+
62	P25526	H2O
63	P25526	n-hexanal
64	P25526	NADP+
65	P25526	H2O
66	P25526	n-pentanal
67	P25526	NADP+
68	P25526	H2O
69	P25526	succinate semialdehyde
70	P25526	NAD+
71	P25526	H2O
72	P25526	succinate semialdehyde
73	P25526	NADP+
74	P25526	H2O
75	P25526	succinate semialdehyde
76	P25526	NADP+
77	P25526	H2O
78	P25526	succinate semialdehyde
79	P25526	NADP+
80	P25526	H2O
81	Q9RBF6	succinate semialdehyde
82	Q9RBF6	NADP+
83	Q9RBF6	H2O
84	Q9RBF6	succinate semialdehyde
85	Q9RBF6	NADP+
86	Q9RBF6	H2O
87	Q9RBF6	succinate semialdehyde
88	Q9RBF6	NAD+
89	Q9RBF6	H2O
0	Q9HTJ1	more
1	Q9HTJ1	betaine aldehyde
2	Q9HTJ1	NAD(P)+
3	Q9HTJ1	H2O
4	Q9HTJ1	betaine aldehyde
5	Q9HTJ1	NAD(P)+
6	Q9HTJ1	H2O
7	Q9HTJ1	betaine aldehyde
8	Q9HTJ1	NAD+
9	Q9HTJ1	H2O
10	Q9HTJ1	betaine aldehyde
11	Q9HTJ1	NAD+
12	Q9HTJ1	H2O
13	Q9HTJ1	3-aminopropionaldehyde
14	Q9HTJ1	NAD(P)+
15	Q9HTJ1	H2O
16	Q9HTJ1	3-dimethylsulfoniopropionaldehyde
17	Q9HTJ1	NAD(P)+
18	Q9HTJ1	H2O
19	Q9HTJ1	4-N-trimethylaminobutyraldehyde
20	Q9HTJ1	NAD(P)+
21	Q9HTJ1	H2O
22	Q9HTJ1	betaine aldehyde
23	Q9HTJ1	NAD(P)+
24	Q9HTJ1	H2O
25	Q9HTJ1	betaine aldehyde
26	Q9HTJ1	NAD+
27	Q9HTJ1	H2O
28	Q9HTJ1	betaine aldehyde
29	Q9HTJ1	NADP+
30	Q9HTJ1	H2O
31	Q9HTJ1	gamma-aminobutyraldehyde
32	Q9HTJ1	NAD(P)+
33	Q9HTJ1	H2O
34	Q6BDA4	betaine aldehyde
35	Q6BDA4	NAD+
36	Q6BDA4	H2O
37	Q6BDA4	betaine aldehyde
38	Q6BDA4	NAD+
39	Q6BDA4	H2O
40	Q6BDA4	3-aminopropionaldehyde
41	Q6BDA4	NAD+
42	Q6BDA4	H2O
43	Q6BDA4	4-aminobutyraldehyde
44	Q6BDA4	NAD+
45	Q6BDA4	H2O
46	Q6BDA3	betaine aldehyde
47	Q6BDA3	NAD+
48	Q6BDA3	H2O
49	Q6BDA3	betaine aldehyde
50	Q6BDA3	NAD+
51	Q6BDA3	H2O
52	Q6BDA3	3-aminopropionaldehyde
53	Q6BDA3	NAD+
54	Q6BDA3	H2O
55	Q6BDA3	4-aminobutyraldehyde
56	Q6BDA3	NAD+
57	Q6BDA3	H2O
58	Q6BD99	betaine aldehyde
59	Q6BD99	NAD+
60	Q6BD99	H2O
61	Q6BD99	betaine aldehyde
62	Q6BD99	NAD+
63	Q6BD99	H2O
64	Q6BD99	3-aminopropionaldehyde
65	Q6BD99	NAD+
66	Q6BD99	H2O
67	Q6BD99	4-aminobutyraldehyde
68	Q6BD99	NAD+
69	Q6BD99	H2O
70	Q6BD90	betaine aldehyde
71	Q6BD90	NAD+
72	Q6BD90	H2O
73	Q6BD90	betaine aldehyde
74	Q6BD90	NAD+
75	Q6BD90	H2O
76	Q6BD90	3-aminopropionaldehyde
77	Q6BD90	NAD+
78	Q6BD90	H2O
79	Q6BD90	4-aminobutyraldehyde
80	Q6BD90	NAD+
81	Q6BD90	H2O
82	Q6BD95	betaine aldehyde
83	Q6BD95	NAD+
84	Q6BD95	H2O
85	Q6BD95	betaine aldehyde
86	Q6BD95	NAD+
87	Q6BD95	H2O
88	Q6BD95	3-aminopropionaldehyde
89	Q6BD95	NAD+
90	Q6BD95	H2O
91	Q6BD95	4-aminobutyraldehyde
92	Q6BD95	NAD+
93	Q6BD95	H2O
94	Q6BD93	betaine aldehyde
95	Q6BD93	NAD+
96	Q6BD93	H2O
97	Q6BD93	betaine aldehyde
98	Q6BD93	NAD+
99	Q6BD93	H2O
100	Q6BD93	3-aminopropionaldehyde
101	Q6BD93	NAD+
102	Q6BD93	H2O
103	Q6BD93	4-aminobutyraldehyde
104	Q6BD93	NAD+
105	Q6BD93	H2O
106	Q6BD91	betaine aldehyde
107	Q6BD91	NAD+
108	Q6BD91	H2O
109	Q6BD91	betaine aldehyde
110	Q6BD91	NAD+
111	Q6BD91	H2O
112	Q6BD91	3-aminopropionaldehyde
113	Q6BD91	NAD+
114	Q6BD91	H2O
115	Q6BD91	4-aminobutyraldehyde
116	Q6BD91	NAD+
117	Q6BD91	H2O
118	Q6BD86	betaine aldehyde
119	Q6BD86	NAD+
120	Q6BD86	H2O
121	Q6BD86	betaine aldehyde
122	Q6BD86	NAD+
123	Q6BD86	H2O
124	Q6BD86	3-aminopropionaldehyde
125	Q6BD86	NAD+
126	Q6BD86	H2O
127	Q6BD86	4-aminobutyraldehyde
128	Q6BD86	NAD+
129	Q6BD86	H2O
130	Q6BD88	betaine aldehyde
131	Q6BD88	NAD+
132	Q6BD88	H2O
133	Q6BD88	betaine aldehyde
134	Q6BD88	NAD+
135	Q6BD88	H2O
136	Q6BD88	3-aminopropionaldehyde
137	Q6BD88	NAD+
138	Q6BD88	H2O
139	Q6BD88	4-aminobutyraldehyde
140	Q6BD88	NAD+
141	Q6BD88	H2O
142	B2BBY6	betaine aldehyde
143	B2BBY6	NAD+
144	B2BBY6	H2O
145	B2BBY6	betaine aldehyde
146	B2BBY6	NAD+
147	B2BBY6	H2O
148	O24174	more
149	O24174	betaine aldehyde
150	O24174	NAD+
151	O24174	H2O
152	O24174	betaine aldehyde
153	O24174	NAD+
154	O24174	H2O
155	Q84LK3	more
156	Q84LK3	betaine aldehyde
157	Q84LK3	NAD+
158	Q84LK3	H2O
159	Q84LK3	betaine aldehyde
160	Q84LK3	NAD+
161	Q84LK3	H2O
162	Q94IC0	betaine aldehyde
163	Q94IC0	NAD+
164	Q94IC0	H2O
165	Q94IC0	betaine aldehyde
166	Q94IC0	NAD+
167	Q94IC0	H2O
168	Q94IC1	betaine aldehyde
169	Q94IC1	NAD+
170	Q94IC1	H2O
171	Q94IC1	betaine aldehyde
172	Q94IC1	NAD+
173	Q94IC1	H2O
174	B3VMC0	more
175	B3VMC0	3-aminopropionaldehyde
176	B3VMC0	NAD+
177	B3VMC0	H2O
178	B3VMC0	betaine aldehyde
179	B3VMC0	NAD+
180	B3VMC0	H2O
181	B3VMC0	betaine aldehyde
182	B3VMC0	NAD+
183	B3VMC0	H2O
184	B3VMC0	4-aminobutyraldehyde
185	B3VMC0	NAD+
186	B3VMC0	H2O
187	P17202	betaine aldehyde
188	P17202	NAD+
189	P17202	H2O
190	P17202	betaine aldehyde
191	P17202	NAD+
192	P17202	H2O
193	P17202	betaine aldehyde
194	P17202	NAD+
195	P17202	H2O
196	P17202	betaine aldehyde
197	P17202	NAD+
198	P17202	H2O
199	Q9S795	betaine aldehyde
200	Q9S795	NAD+
201	Q9S795	H2O
202	Q9S795	betaine aldehyde
203	Q9S795	NAD+
204	Q9S795	H2O
205	Q9STS1	3-aminopropionaldehyde
206	Q9STS1	NAD+
207	Q9STS1	H2O
208	Q9STS1	betaine aldehyde
209	Q9STS1	NAD+
210	Q9STS1	H2O
211	Q9STS1	betaine aldehyde
212	Q9STS1	NAD+
213	Q9STS1	H2O
214	Q9STS1	4-aminobutyraldehyde
215	Q9STS1	NAD+
216	Q9STS1	H2O
217	Q9STS1	betaine aldehyde
218	Q9STS1	NAD+
219	Q9STS1	H2O
220	Q9STS1	betaine aldehyde
221	Q9STS1	NAD+
222	Q9STS1	H2O
223	B3VMC1	more
224	B3VMC2	more
225	Q155V4	betaine aldehyde
226	Q155V4	NAD+
227	Q155V4	H2O
228	Q155V4	betaine aldehyde
229	Q155V4	NAD+
230	Q155V4	H2O
231	Q153G6	betaine aldehyde
232	Q153G6	NAD+
233	Q153G6	H2O
234	Q153G6	betaine aldehyde
235	Q153G6	NAD+
236	Q153G6	H2O
237	Q9L4P8	betaine aldehyde
238	Q9L4P8	NADP+
239	Q9L4P8	H2O
240	Q9L4P8	betaine aldehyde
241	Q9L4P8	NADP+
242	Q9L4P8	H2O
243	Q9L4P8	betaine aldehyde
244	Q9L4P8	NAD+
245	Q9L4P8	H2O
246	Q9L4P8	betaine aldehyde
247	Q9L4P8	NAD+
248	Q9L4P8	H2O
249	A0A075T6J5	betaine aldehyde
250	A0A075T6J5	NAD+
251	A0A075T6J5	H2O
252	A0A075T6J5	betaine aldehyde
253	A0A075T6J5	NAD+
254	A0A075T6J5	H2O
255	A0A068ELY1	betaine aldehyde
256	A0A068ELY1	NAD+
257	A0A068ELY1	H2O
258	A0A068ELY1	betaine aldehyde
259	A0A068ELY1	NAD+
260	A0A068ELY1	H2O
261	Q57EI0	betaine aldehyde
262	Q57EI0	NADP+
263	Q57EI0	H2O
264	Q57EI0	betaine aldehyde
265	Q57EI0	NADP+
266	Q57EI0	H2O
267	Q57EI0	betaine aldehyde
268	Q57EI0	NAD+
269	Q57EI0	H2O
270	Q57EI0	betaine aldehyde
271	Q57EI0	NAD+
272	Q57EI0	H2O
273	A0A0K1L4Z2	betaine aldehyde
274	A0A0K1L4Z2	NAD+
275	A0A0K1L4Z2	H2O
276	A0A0K1L4Z2	betaine aldehyde
277	A0A0K1L4Z2	NAD+
278	A0A0K1L4Z2	H2O
0	B2J1M0	stearoyl-[acyl-carrier protein]
1	B2J1M0	NAD(P)H
2	B2J1M0	H+
0	Q0K845	2-sulfoacetaldehyde
1	Q0K845	CoA
2	Q0K845	NADP+
3	Q0K845	sulfoacetyl-CoA
4	Q0K845	NADPH
5	Q0K845	H+
0	Q1K615	apo-4'-lycopenal
1	Q1K615	NAD+
2	Q1K615	H2O
3	Q1K615	apo-8'-lycopenal
4	Q1K615	NAD+
5	Q1K615	H2O
6	Q1K615	beta-apo-10'-carotenal
7	Q1K615	NAD+
8	Q1K615	H2O
9	Q1K615	beta-apo-4'-carotenal
10	Q1K615	NAD+
11	Q1K615	H2O
12	Q1K615	beta-apo-8'-carotenal
13	Q1K615	NAD+
14	Q1K615	H2O
15	Q1K615	more
16	F6IBC7	apo-8'-lycopenal
17	F6IBC7	NAD+
18	F6IBC7	H2O
19	F6IBC7	beta-apo-10'-carotenal
20	F6IBC7	NAD+
21	F6IBC7	H2O
22	F6IBC7	beta-apo-4'-carotenal
23	F6IBC7	NAD+
24	F6IBC7	H2O
25	F6IBC7	beta-apo-8'-carotenal
26	F6IBC7	NAD+
27	F6IBC7	H2O
28	F6IBC7	more
29	F6IBC7	apo-8'-lycopenal
30	F6IBC7	NAD+
31	F6IBC7	H2O
32	F6IBC7	beta-apo-10'-carotenal
33	F6IBC7	NAD+
34	F6IBC7	H2O
35	F6IBC7	beta-apo-4'-carotenal
36	F6IBC7	NAD+
37	F6IBC7	H2O
38	F6IBC7	beta-apo-8'-carotenal
39	F6IBC7	NAD+
40	F6IBC7	H2O
0	H8ZPX2	4-oxo-4-(pyridin-3-yl)butanal
1	H8ZPX2	NADP+
2	H8ZPX2	H2O
0	A0A193CHN6	a long-chain acyl-CoA
1	A0A193CHN6	2 NADPH
2	A0A193CHN6	2 H+
3	A0A193CHN5	a long-chain acyl-CoA
4	A0A193CHN5	2 NADPH
5	A0A193CHN5	2 H+
6	A1U2T0	a long-chain acyl-CoA
7	A1U2T0	2 NADPH
8	A1U2T0	2 H+
9	A1U2T0	a long-chain acyl-CoA
10	A1U2T0	2 NADPH
11	A1U2T0	2 H+
12	A1U3L3	a long-chain acyl-CoA
13	A1U3L3	2 NADPH
14	A1U3L3	2 H+
15	Q8MS59	hexacosanoyl-CoA
16	Q8MS59	2 NADPH
17	Q8MS59	2 H+
18	Q8MS59	tetracosanoyl-CoA
19	Q8MS59	2 NADPH
20	Q8MS59	2 H+
21	Q8MS59	more
22	Q8WVX9	a long-chain acyl-CoA
23	Q8WVX9	2 NADPH
24	Q8WVX9	2 H+
25	Q922J9	palmitoyl-CoA
26	Q922J9	2 NADPH
27	Q922J9	2 H+
28	Q922J9	arachidonoyl-CoA
29	Q922J9	NADPH
30	Q922J9	homo-gamma-linolenoyl-CoA
31	Q922J9	NADPH
32	Q922J9	linoleoyl-CoA
33	Q922J9	NADPH
34	Q922J9	oleoyl-CoA
35	Q922J9	NADPH
36	Q922J9	more
37	Q7TNT2	palmitoyl-CoA
38	Q7TNT2	2 NADPH
39	Q7TNT2	2 H+
40	Q7TNT2	more
41	Q7TNT2	palmitoyl-CoA
42	Q7TNT2	NADPH
43	Q7TNT2	stearoyl-CoA
44	Q7TNT2	NADPH
45	Q9XGY7	palmitoyl-CoA
46	Q9XGY7	2 NADPH
47	Q9XGY7	2 H+
48	Q9XGY7	a long-chain acyl-CoA
49	Q9XGY7	2 NADPH
50	Q9XGY7	2 H+
51	Q9XGY7	more
52	Q9XGY7	2-methylhexadecanoyl-CoA
53	Q9XGY7	2 NADPH
54	Q9XGY7	2 H+
55	Q9XGY7	2-methyloctadecanoyl-CoA
56	Q9XGY7	2 NADPH
57	Q9XGY7	2 H+
58	Q9XGY7	arachidoyl-CoA
59	Q9XGY7	2 NADPH
60	Q9XGY7	2 H+
61	Q9XGY7	decanoyl-CoA
62	Q9XGY7	2 NADPH
63	Q9XGY7	2 H+
64	Q9XGY7	eicosenoyl-CoA
65	Q9XGY7	2 NADPH
66	Q9XGY7	2 H+
67	Q9XGY7	eicosenoyl-CoA
68	Q9XGY7	NADPH
69	Q9XGY7	H+
70	Q9XGY7	erucoyl-CoA
71	Q9XGY7	NADPH
72	Q9XGY7	H+
73	Q9XGY7	erucyl-CoA
74	Q9XGY7	2 NADPH
75	Q9XGY7	2 H+
76	Q9XGY7	lauroyl-CoA
77	Q9XGY7	2 NADPH
78	Q9XGY7	2 H+
79	Q9XGY7	myristoyl-CoA
80	Q9XGY7	2 NADPH
81	Q9XGY7	2 H+
82	Q9XGY7	oleoyl-CoA
83	Q9XGY7	2 NADPH
84	Q9XGY7	2 H+
85	Q9XGY7	ricinoleoyl-CoA
86	Q9XGY7	2 NADPH
87	Q9XGY7	2 H+
88	Q9XGY7	stearoyl-CoA
89	Q9XGY7	2 NADPH
90	Q9XGY7	2 H+
91	Q9XGY7	stearoyl-CoA
92	Q9XGY7	NADPH
93	Q9XGY7	H+
0	Q1XGK8	2-hydroxymuconate-6-semialdehyde
1	Q1XGK8	NAD+
2	Q1XGK8	H2O
3	Q1XGK8	more
0	Q79AF6	more
1	Q79AF6	acetaldehyde
2	Q79AF6	CoA
3	Q79AF6	NAD+
4	Q79AF6	propionaldehyde
5	Q79AF6	CoA
6	Q79AF6	NAD+
7	Q79AF6	acetaldehyde
8	Q79AF6	CoA
9	Q79AF6	NADP+
10	Q79AF6	butyraldehyde
11	Q79AF6	CoA
12	Q79AF6	NAD+
13	Q79AF6	isobutyraldehyde
14	Q79AF6	CoA
15	Q79AF6	NAD+
16	Q79AF6	pentaldehyde
17	Q79AF6	CoA
18	Q79AF6	NAD+
19	Q79AF6	propanal
20	Q79AF6	CoA
21	Q79AF6	NAD+
22	Q53WH9	acetaldehyde
23	Q53WH9	CoA
24	Q53WH9	NAD+
25	Q53WH9	propionaldehyde
26	Q53WH9	CoA
27	Q53WH9	NAD+
28	A0A0E0UUX4	more
29	A0A0E0UUX4	acetyl-CoA
30	A0A0E0UUX4	NADH
31	A0A0E0UUX4	H+
32	A0A0E0UUX4	butanoyl-CoA
33	A0A0E0UUX4	NADH
34	A0A0E0UUX4	H+
35	A0A0E0UUX4	propanoyl-CoA
36	A0A0E0UUX4	NADH
37	A0A0E0UUX4	H+
0	Q8CHT0	succinate semialdehyde
1	Q8CHT0	NAD+
2	Q8CHT0	H2O
3	P30038	more
4	P30038	1-pyrroline-5-carboxylate
5	P30038	NAD+
6	P30038	H2O
7	P30038	1-pyrroline-5-carboxylate
8	P30038	NAD+
9	P30038	H2O
10	Q0DHN6	more
11	P09546	more
12	P09546	1-pyrroline-5-carboxylate
13	P09546	NAD+
14	P09546	H2O
15	P09546	1-pyrroline-5-carboxylate
16	P09546	NAD+
17	P09546	H2O
18	P09546	1-pyrroline-5-carboxylate
19	P09546	NAD+
20	P09546	H2O
21	P09546	L-glutamate 5-semialdehyde
22	P09546	NAD+
23	P09546	H2O
24	P07275	1-pyrroline-5-carboxylate
25	P07275	NADH
26	P07275	H+
27	Q4DRT8	1-pyrroline-5-carboxylate
28	Q4DRT8	NAD+
29	Q4DRT8	H2O
30	Q4DRT8	1-pyrroline-5-carboxylate
31	Q4DRT8	NAD+
32	Q4DRT8	H2O
33	Q4DRT8	1-pyrroline-5-carboxylate
34	Q4DRT8	NAD+
35	Q4DRT8	H2O
36	Q4DRT8	L-glutamate 5-semialdehyde
37	Q4DRT8	NADP+
38	Q4DRT8	H2O
0	P25553	D-glyceraldehyde
1	P25553	NAD+
2	P25553	H2O
3	Q9HK01	D-glyceraldehyde
4	Q9HK01	NAD+
5	Q9HK01	glyceraldehyde
6	Q9HK01	NAD+
7	Q9HK01	H2O
8	Q9HK01	D-glyceraldehyde
9	Q9HK01	NADP+
10	Q9HK01	H2O
11	Q9HK01	D-glyceraldehyde 3-phosphate
12	Q9HK01	NADP+
13	Q9HK01	H2O
14	Q9HK01	glycolaldehyde
15	Q9HK01	NADP+
16	Q9HK01	more
17	Q6L285	D-glyceraldehyde
18	Q6L285	NADP+
19	Q6L285	H2O
20	Q6L285	D-glyceraldehyde 3-phosphate
21	Q6L285	NADP+
22	Q6L285	H2O
23	Q6L285	glycolaldehyde
24	Q6L285	NADP+
25	Q6L285	more
0	Q3C1A6	D-glyceraldehyde 3-phosphate
1	Q3C1A6	NADP+
2	Q3C1A6	H2O
3	Q3C1A6	D-glyceraldehyde 3-phosphate
4	Q3C1A6	NADP+
5	Q3C1A6	H2O
6	Q3C1A6	D-glyceraldehyde 3-phosphate
7	Q3C1A6	NADP+
8	Q3C1A6	H2O
9	Q97XA5	D-glyceraldehyde-3-phosphate
10	Q97XA5	NAD+
11	Q97XA5	D-glyceraldehyde-3-phosphate
12	Q97XA5	NADP+
13	Q97XS9	D-glyceraldehyde-3-phosphate
14	Q97XS9	NAD+
15	Q97XS9	D-glyceraldehyde-3-phosphate
16	Q97XS9	NADP+
17	Q97U30	D-glyceraldehyde 3-phosphate
18	Q97U30	NADP+
19	Q97U30	H2O
20	Q97U30	D-glyceraldehyde 3-phosphate
21	Q97U30	NADP+
22	Q97U30	H2O
23	Q97U30	D-glyceraldehyde 3-phosphate
24	Q97U30	NADP+
25	Q97U30	H2O
26	Q97U30	DL-glyceraldehyde 3-phosphate
27	Q97U30	NADP+
28	Q97U30	H2O
29	Q97U30	DL-glyceraldehyde 3-phosphate
30	Q97U30	NADP+
31	Q97U30	H2O
32	Q97U30	more
33	Q97U30	DL-glyceraldehyde 3-phosphate
34	Q97U30	NAD+
35	Q97U30	H2O
36	Q6Z9G0	more
37	Q8LK61	D-glyceraldehyde-3-phosphate
38	Q8LK61	NADP+
39	Q8LK61	D-glyceraldehyde-3-phosphate
40	Q8LK61	NADP+
41	Q8LK61	D-glyceraldehyde-3-phosphate
42	Q8LK61	NADP+
43	Q59931	D-glyceraldehyde 3-phosphate
44	Q59931	NADP+
45	Q59931	H2O
46	Q59931	D-glyceraldehyde 3-phosphate
47	Q59931	NADP+
48	Q59931	H2O
49	Q59931	D-glyceraldehyde 3-phosphate
50	Q59931	NADP+
51	Q59931	H2O
52	Q59931	D-glyceraldehyde 3-phosphate
53	Q59931	NADP+
54	Q59931	H2O
55	Q59931	D-glyceraldehyde 3-phosphate
56	Q59931	NADP+
57	Q59931	H2O
58	Q2HQR9	D-glyceraldehyde 3-phosphate
59	Q2HQR9	NADP+
60	Q2HQR9	H2O
61	Q2HQR9	D-glyceraldehyde 3-phosphate
62	Q2HQR9	NADP+
63	Q2HQR9	H2O
64	Q2HQR7	D-glyceraldehyde 3-phosphate
65	Q2HQR7	NADP+
66	Q2HQR7	H2O
67	Q2HQR7	D-glyceraldehyde 3-phosphate
68	Q2HQR7	NADP+
69	Q2HQR7	H2O
70	Q2HQR4	D-glyceraldehyde 3-phosphate
71	Q2HQR4	NADP+
72	Q2HQR4	H2O
73	Q2HQR4	D-glyceraldehyde 3-phosphate
74	Q2HQR4	NADP+
75	Q2HQR4	H2O
76	Q2HQR8	D-glyceraldehyde 3-phosphate
77	Q2HQR8	NADP+
78	Q2HQR8	H2O
79	Q2HQR8	D-glyceraldehyde 3-phosphate
80	Q2HQR8	NADP+
81	Q2HQR8	H2O
82	Q2HQR6	D-glyceraldehyde 3-phosphate
83	Q2HQR6	NADP+
84	Q2HQR6	H2O
85	Q2HQR6	D-glyceraldehyde 3-phosphate
86	Q2HQR6	NADP+
87	Q2HQR6	H2O
88	Q2HQS1	D-glyceraldehyde 3-phosphate
89	Q2HQS1	NADP+
90	Q2HQS1	H2O
91	Q2HQS1	D-glyceraldehyde 3-phosphate
92	Q2HQS1	NADP+
93	Q2HQS1	H2O
94	Q2HQS0	D-glyceraldehyde 3-phosphate
95	Q2HQS0	NADP+
96	Q2HQS0	H2O
97	Q2HQS0	D-glyceraldehyde 3-phosphate
98	Q2HQS0	NADP+
99	Q2HQS0	H2O
100	Q2HQR5	D-glyceraldehyde 3-phosphate
101	Q2HQR5	NADP+
102	Q2HQR5	H2O
103	Q2HQR5	D-glyceraldehyde 3-phosphate
104	Q2HQR5	NADP+
105	Q2HQR5	H2O
106	Q2HQS3	D-glyceraldehyde 3-phosphate
107	Q2HQS3	NADP+
108	Q2HQS3	H2O
109	Q2HQS3	D-glyceraldehyde 3-phosphate
110	Q2HQS3	NADP+
111	Q2HQS3	H2O
112	Q2HQS4	D-glyceraldehyde 3-phosphate
113	Q2HQS4	NADP+
114	Q2HQS4	H2O
115	Q2HQS4	D-glyceraldehyde 3-phosphate
116	Q2HQS4	NADP+
117	Q2HQS4	H2O
118	Q2HQR3	D-glyceraldehyde 3-phosphate
119	Q2HQR3	NADP+
120	Q2HQR3	H2O
121	Q2HQR3	D-glyceraldehyde 3-phosphate
122	Q2HQR3	NADP+
123	Q2HQR3	H2O
124	Q96XP0	D-glyceraldehyde 3-phosphate
125	Q96XP0	NADP+
126	Q96XP0	H2O
127	Q96XP0	D-glyceraldehyde 3-phosphate
128	Q96XP0	NADP+
129	Q96XP0	H2O
130	Q96XP0	D-glyceraldehyde 3-phosphate
131	Q96XP0	NADP+
132	Q96XP0	H2O
133	Q96XP0	D-glyceraldehyde 3-phosphate
134	Q96XP0	NAD+
135	Q96XP0	H2O
0	O57693	D-glyceraldehyde 3-phosphate
1	O57693	NAD(P)+
2	O57693	H2O
3	O57693	D-glyceraldehyde 3-phosphate
4	O57693	NAD+
5	O57693	H2O
6	O57693	D-glyceraldehyde 3-phosphate
7	O57693	NADP+
8	O57693	H2O
0	H2IFE7	3,6-anhydro-alpha-L-galactopyranose
1	H2IFE7	NAD(P)+
2	H2IFE7	H2O
0	Q16MV5	more
1	Q16MV5	(2E,6E)-farnesal
2	Q16MV5	NAD+
3	Q16MV5	H2O
4	Q16MV5	decanal
5	Q16MV5	NAD+
6	Q16MV5	H2O
7	Q16MV5	octanal
8	Q16MV5	NAD+
9	Q16MV5	H2O
10	Q16MV6	(2E,6E)-farnesal
11	Q16MV6	NAD+
12	Q16MV6	H2O
13	Q16MV6	decanal
14	Q16MV6	NAD+
15	Q16MV6	H2O
16	Q16MV6	octanal
17	Q16MV6	NAD+
18	Q16MV6	H2O
19	Q16MV7	(2E,6E)-farnesal
20	Q16MV7	NAD+
21	Q16MV7	H2O
22	Q16MV7	decanal
23	Q16MV7	NAD+
24	Q16MV7	H2O
25	Q16MV7	octanal
26	Q16MV7	NAD+
27	Q16MV7	H2O
0	Q12572	(S)-2-amino-6-oxohexanoate
1	Q12572	NADP+
2	Q12572	AMP
3	Q12572	diphosphate
4	P07702	L-2-aminoadipate
5	P07702	NADPH
6	P07702	H+
7	P07702	ATP
8	P07702	D-2-aminoadipate
9	P07702	NADPH
10	P07702	H+
11	P07702	ATP
12	P07702	S-carboxymethyl-L-cysteine
13	P07702	NADPH
14	P07702	H+
15	P07702	ATP
16	P07702	adipate
17	P07702	NADPH
18	P07702	H+
19	P07702	ATP
20	Q9HDP9	L-2-aminoadipate
21	Q9HDP9	NADPH
22	Q9HDP9	H+
23	Q9HDP9	ATP
24	A0A0S2LUS1	L-2-aminoadipate
25	A0A0S2LUS1	NADPH
26	A0A0S2LUS1	H+
27	A0A0S2LUS1	ATP
0	Q59702	4-hydroxy-3-methylbenzaldehyde
1	Q59702	NAD+
2	Q59702	H2O
3	Q59702	4-hydroxy-3-methylbenzaldehyde
4	Q59702	NADP+
5	Q59702	H2O
6	Q59702	4-hydroxybenzaldehyde
7	Q59702	NAD+
8	Q59702	H2O
9	Q59702	4-hydroxybenzaldehyde
10	Q59702	NADP+
11	Q59702	H2O
0	Q3YAT5	2-hydroxy-2-methylpropanal
1	Q3YAT5	NAD+
2	Q3YAT5	H2O
0	P23883	3-hydroxypropionaldehyde
1	P23883	NAD+
2	P23883	H2O
3	P23883	3-hydroxypropionaldehyde
4	P23883	NAD+
5	P23883	H2O
6	P23883	acetaldehyde
7	P23883	NAD+
8	P23883	H2O
9	P23883	benzaldehyde
10	P23883	NAD+
11	P23883	H2O
12	P23883	butyraldehyde
13	P23883	NAD+
14	P23883	H2O
15	P23883	isovaleraldehyde
16	P23883	NAD+
17	P23883	H2O
18	P23883	more
19	P23883	propionaldehyde
20	P23883	NAD+
21	P23883	H2O
22	P23883	valeraldehyde
23	P23883	NAD+
24	P23883	H2O
25	P23883	3-hydroxypropionaldehyde
26	P23883	NADP+
27	P23883	H2O
28	P23883	4-(gamma-L-glutamylamino)butanal
29	P23883	NAD+
30	P23883	H2O
31	P23883	gamma-glutamyl-gamma-aminobutyraldehyde
32	P23883	NAD+
33	P23883	H2O
0	Q9NCL9	acetaldehyde
1	Q9NCL9	H2O
2	Q9NCL9	O2
3	Q9NCL9	acetaldehyde
4	Q9NCL9	H2O
5	Q9NCL9	O2
6	Q9NCL9	benzaldehyde
7	Q9NCL9	H2O
8	Q9NCL9	O2
9	Q2QB50	more
10	Q2QB50	benzaldehyde
11	Q2QB50	H2O
12	Q2QB50	O2
13	Q2QB50	retinaldehyde
14	Q2QB50	H2O
15	Q2QB50	O2
16	Q2QB50	retinal
17	Q2QB50	O2
18	Q2QB50	H2O
19	Q2QB48	more
20	Q4VGM3	more
21	Q5FB27	(S)-RS-8359
22	P80456	N1-methylnicotinamide
23	P80456	H2O
24	P80456	O2
25	P80456	all-trans retinaldehyde
26	P80456	H2O
27	P80456	O2
28	P80456	retinal
29	P80456	O2
30	P80456	H2O
31	P80456	1-nitropyrene
32	P80456	H2O
33	P80456	O2
34	P80456	quinine
35	P80456	H2O
36	P80456	O2
37	P80456	phenanthridine
38	P80456	H2O
39	P80456	O2
40	O54754	acetaldehyde
41	O54754	H2O
42	O54754	O2
43	O54754	acetaldehyde
44	O54754	H2O
45	O54754	O2
46	O54754	benzaldehyde
47	O54754	H2O
48	O54754	O2
49	O54754	more
50	O54754	phthalazine
51	O54754	H2O
52	O54754	O2
53	O54754	phenanthridine
54	O54754	H2O
55	O54754	O2
56	O54754	acetaldehyde
57	O54754	H2O
58	O54754	O2
59	O54754	all-trans retinaldehyde
60	O54754	H2O
61	O54754	O2
62	O54754	retinaldehyde
63	O54754	O2
64	O54754	H2O
65	O54754	pyridoxal
66	O54754	H2O
67	O54754	O2
68	Q8VJ15	acetaldehyde
69	Q8VJ15	H2O
70	Q8VJ15	O2
71	Q8VJ15	acetaldehyde
72	Q8VJ15	H2O
73	Q8VJ15	O2
74	Q8VJ15	all-trans retinaldehyde
75	Q8VJ15	H2O
76	Q8VJ15	O2
77	Q8VJ15	pyridoxal
78	Q8VJ15	H2O
79	Q8VJ15	O2
80	Q9Z0U5	imidacloprid
81	Q9Z0U5	H2O
82	Q9Z0U5	O2
83	Q9Z0U5	N-methylnicotinamide
84	Q9Z0U5	benzaldehyde
85	Q9Z0U5	H2O
86	Q9Z0U5	O2
87	Q9Z0U5	more
88	Q9Z0U5	N1-methylnicotinamide
89	Q9Z0U5	H2O
90	Q9Z0U5	O2
91	Q9Z0U5	methotrexate
92	Q9Z0U5	H2O
93	Q9Z0U5	O2
94	Q9Z0U5	p-dimethyl aminocinnamaldehyde
95	Q9Z0U5	H2O
96	Q9Z0U5	O2
97	Q9Z0U5	(S)-RS-8359
98	Q9Z0U5	H2O
99	Q9Z0U5	O2
100	Q5QE80	benzaldehyde
101	Q5QE80	H2O
102	Q5QE80	O2
103	Q5QE80	more
104	Q5QE80	N1-methylnicotinamide
105	Q5QE80	H2O
106	Q5QE80	O2
107	Q5QE80	methotrexate
108	Q5QE80	H2O
109	Q5QE80	O2
110	Q5QE80	(S)-RS-8359
111	Q5QE80	H2O
112	Q5QE80	O2
113	Q5QE79	benzaldehyde
114	Q5QE79	H2O
115	Q5QE79	O2
116	Q5QE79	more
117	Q5QE79	N1-methylnicotinamide
118	Q5QE79	H2O
119	Q5QE79	O2
120	Q5QE79	methotrexate
121	Q5QE79	H2O
122	Q5QE79	O2
123	Q5QE79	(S)-RS-8359
124	Q5QE79	H2O
125	Q5QE79	O2
126	Q5QE78	benzaldehyde
127	Q5QE78	H2O
128	Q5QE78	O2
129	Q5QE78	more
130	Q5QE78	N1-methylnicotinamide
131	Q5QE78	H2O
132	Q5QE78	O2
133	Q5QE78	methotrexate
134	Q5QE78	H2O
135	Q5QE78	O2
136	Q5QE78	(S)-RS-8359
137	Q5QE78	H2O
138	Q5QE78	O2
139	P48034	more
140	P48034	phenanthridine
141	P48034	H2O
142	P48034	O2
143	Q7G191	cinnamaldehyde
144	Q7G191	H2O
145	Q7G191	O2
146	Q7G191	citral
147	Q7G191	H2O
148	Q7G191	O2
149	Q7G191	acrolein
150	Q7G191	H2O
151	Q7G191	O2
152	Q7G191	indol-3-carboxyaldehyde
153	Q7G191	H2O
154	Q7G191	O2
155	Q7G191	benzaldehyde
156	Q7G191	H2O
157	Q7G191	O2
158	Q7G191	vanillin
159	Q7G191	H2O
160	Q7G191	O2
161	Q7G191	propionaldehyde
162	Q7G191	H2O
163	Q7G191	O2
164	Q7G191	1-naphthaldehyde
165	Q7G191	H2O
166	Q7G191	O2
167	Q7G191	4-hydroxyl-2-nonenal
168	Q7G191	H2O
169	Q7G191	O2
170	Q7G191	dodecyl aldehyde
171	Q7G191	H2O
172	Q7G191	O2
173	Q7G191	hexanal
174	Q7G191	H2O
175	Q7G191	O2
176	Q7G191	hexanal
177	Q7G191	H2O
178	Q7G191	O2
179	A8TUB4	bombykal
180	A8TUB4	H2O
181	A8TUB4	O2
182	A8TUC0	bombykal
183	A8TUC0	H2O
184	A8TUC0	O2
185	Q06278	methotrexate
186	Q06278	H2O
187	Q06278	O2
188	B0LB01	abscisic aldehyde
189	B0LB01	H2O
190	B0LB01	O2
191	B0LB01	indole-3-aldehyde
192	B0LB01	H2O
193	B0LB01	O2
194	B0LAZ9	abscisic aldehyde
195	B0LAZ9	H2O
196	B0LAZ9	O2
197	B0LAZ9	indole-3-aldehyde
198	B0LAZ9	H2O
199	B0LAZ9	O2
200	B0LB00	abscisic aldehyde
201	B0LB00	H2O
202	B0LB00	O2
203	B0LB00	indole-3-aldehyde
204	B0LB00	H2O
205	B0LB00	O2
206	G3X982	phenanthridine
207	G3X982	H2O
208	G3X982	O2
209	G3X982	phenanthridine
210	G3X982	H2O
211	G3X982	O2
212	G3X982	N1-methyl-nicotineamide
213	G3X982	H2O
214	G3X982	2,6-dichlorophenolindophenol
215	G3X982	N1-methylnicotinamide
216	G3X982	2,6-dichlorophenol indophenol
217	G3X982	allopurinol
218	G3X982	H2O
219	G3X982	2,6-dichlorophenolindophenol
220	G3X982	benzaldehyde
221	G3X982	2,6-dichlorophenol indophenol
222	G3X982	benzaldehyde
223	G3X982	H2O
224	G3X982	2,6-dichlorophenolindophenol
225	G3X982	phthalazine
226	G3X982	2,6-dichlorophenol indophenol
227	G3X982	phthalazine
228	G3X982	H2O
229	G3X982	2,6-dichlorophenol indophenol
230	S5FPI8	citral
231	S5FPI8	H2O
232	S5FPI8	O2
233	S5FPI8	more
234	S5FPI8	benzaldehyde
235	S5FPI8	H2O
236	S5FPI8	O2
237	S5FPI8	acetaldehyde
238	S5FPI8	H2O
239	S5FPI8	O2
240	S5FPI8	vanillin
241	S5FPI8	H2O
242	S5FPI8	O2
243	S5FPI8	heptanal
244	S5FPI8	H2O
245	S5FPI8	O2
246	S5FPI8	xanthine
247	S5FPI8	H2O
248	S5FPI8	O2
249	S5FPI8	(2E)-hex-2-enal
250	S5FPI8	H2O
251	S5FPI8	O2
252	S5FPI8	(2E)-non-2-enal
253	S5FPI8	H2O
254	S5FPI8	O2
255	S5FPI8	Z11Z13-16Ald
256	S5FPI8	H2O
257	S5FPI8	O2
258	S5FPI8	acrolein
259	S5FPI8	H2O
260	S5FPI8	O2
261	S5FPI8	nonanal
262	S5FPI8	H2O
263	S5FPI8	O2
264	S5FPI8	propanal
265	S5FPI8	H2O
266	S5FPI8	O2
267	S5FPI8	hexanal
268	S5FPI8	H2O
269	S5FPI8	O2
270	S5FPI8	hexanal
271	S5FPI8	H2O
272	S5FPI8	O2
273	O54754	methotrexate
274	O54754	H2O
275	O54754	O2
276	D5MU22	acetaldehyde
277	D5MU22	H2O
278	D5MU22	O2
279	D5MU22	acetaldehyde
280	D5MU22	H2O
281	D5MU22	O2
282	D5MU22	propionaldehyde
283	D5MU22	H2O
284	D5MU22	O2
285	D5MU22	propionaldehyde
286	D5MU22	H2O
287	D5MU22	O2
288	D5MU22	butylaldehyde
289	D5MU22	H2O
290	D5MU22	O2
291	D5MU22	glyoxal
292	D5MU22	H2O
293	D5MU22	O2
294	D5MU22	3-hydroxypropionaldehyde
295	D5MU22	H2O
296	D5MU22	O2
0	Q7G9P4	abscisic aldehyde
1	Q7G9P4	H2O
2	Q7G9P4	O2
3	Q7G9P4	NADH
4	Q7G9P4	O2
5	Q7G9P4	abscisic aldehyde
6	Q7G9P4	2,6-dichloroindophenol
7	Q7G9P4	benzaldehyde
8	Q7G9P4	2,6-dichloroindophenol
9	Q7G9P4	heptaldehyde
10	Q7G9P4	2,6-dichloroindophenol
11	Q7G9P4	indole-3-carbaldehyde
12	Q7G9P4	2,6-dichloroindophenol
13	Q7G9P4	more
14	B0LB01	abscisic aldehyde
15	B0LB01	H2O
16	B0LB01	O2
0	Q01772	2-oxopropanal
1	Q01772	H2O
2	Q01772	O2
3	Q01772	DL-glyceraldehyde
4	Q01772	H2O
5	Q01772	O2
6	Q01772	acetaldehyde
7	Q01772	H2O
8	Q01772	O2
9	Q01772	acetaldehyde
10	Q01772	H2O
11	Q01772	O2
12	Q01772	acetol
13	Q01772	H2O
14	Q01772	O2
15	Q01772	dihydroxyacetone
16	Q01772	H2O
17	Q01772	O2
18	Q01772	formaldehyde
19	Q01772	H2O
20	Q01772	O2
21	Q01772	formaldehyde
22	Q01772	H2O
23	Q01772	O2
24	Q01772	glycolaldehyde
25	Q01772	H2O
26	Q01772	O2
27	Q01772	glycolaldehyde
28	Q01772	H2O
29	Q01772	O2
30	Q01772	glyoxal
31	Q01772	H2O
32	Q01772	O2
33	Q01772	glyoxal
34	Q01772	H2O
35	Q01772	O2
36	Q01772	glyoxylic acid
37	Q01772	H2O
38	Q01772	O2
39	Q01772	methylglyoxal
40	Q01772	H2O
41	Q01772	O2
42	Q01772	more
0	A9X9K8	pyruvate
1	A9X9K8	phosphate
2	A9X9K8	O2
3	A9X9K8	pyruvate
4	A9X9K8	phosphate
5	A9X9K8	O2
6	A9X9K8	pyruvate
7	A9X9K8	phosphate
8	A9X9K8	O2
9	P37063	pyruvate
10	P37063	phosphate
11	P37063	O2
12	P37063	H2O
13	P37063	pyruvate
14	P37063	phosphate
15	P37063	O2
16	P37063	H2O
17	Q54970	pyruvate
18	Q54970	phosphate
19	Q54970	O2
20	Q54970	pyruvate
21	Q54970	phosphate
22	Q54970	O2
23	Q54970	pyruvate
24	Q54970	phosphate
25	Q54970	O2
26	A8AV01	pyruvate
27	A8AV01	phosphate
28	A8AV01	O2
29	A8AV01	pyruvate
30	A8AV01	phosphate
31	A8AV01	O2
32	A8AV01	pyruvate
33	A8AV01	phosphate
34	A8AV01	O2
35	F9M3T8	pyruvate
36	F9M3T8	phosphate
37	F9M3T8	O2
38	F9M3T8	pyruvate
39	F9M3T8	phosphate
40	F9M3T8	O2
41	F9M3T8	pyruvate
42	F9M3T8	phosphate
43	F9M3T8	O2
44	A0A1X1KGZ0	pyruvate
45	A0A1X1KGZ0	phosphate
46	A0A1X1KGZ0	O2
47	A0A1X1KGZ0	pyruvate
48	A0A1X1KGZ0	phosphate
49	A0A1X1KGZ0	O2
50	A0A1X1KGZ0	pyruvate
51	A0A1X1KGZ0	phosphate
52	A0A1X1KGZ0	O2
0	P15290	oxalic acid
1	P15290	O2
2	P15290	2 H+
3	P15290	oxalic acid
4	P15290	O2
5	P15290	2 H+
6	P15290	oxalate
7	P15290	O2
8	P15290	H+
9	P45850	oxalic acid
10	P45850	O2
11	P45850	2 H+
12	P45850	oxalic acid
13	P45850	O2
14	P45850	2 H+
15	P45850	more
16	Q5ZH56	oxalate
17	Q5ZH56	O2
18	Q5ZH56	2 H+
19	Q5ZH56	oxalic acid
20	Q5ZH56	O2
21	Q5ZH56	2 H+
22	Q5ZH56	oxalic acid
23	Q5ZH56	O2
24	Q5ZH56	2 H+
25	Q5ZH56	more
0	Q7G193	abscisic aldehyde
1	Q7G193	oxidized 2,6-dichloroindophenol
2	Q7G193	H2O
3	Q7G193	benzaldehyde
4	Q7G193	oxidized 2,6-dichloroindophenol
5	Q7G193	H2O
6	Q7G193	heptaldehyde
7	Q7G193	oxidized 2,6-dichloroindophenol
8	Q7G193	H2O
9	Q7G193	indole-3-acetaldehyde
10	Q7G193	O2
11	Q7G193	indole-3-acetaldehyde
12	Q7G193	oxidized 2,6-dichloroindophenol
13	Q7G193	H2O
14	Q7G193	more
0	Q9VF53	2,4,5-trimethoxybenzaldehyde
1	Q9VF53	H2O
2	Q9VF53	O2
3	Q9VF53	pyridoxal
4	Q9VF53	H2O
5	Q9VF53	O2
