	index	aa_sequence	uniprot_accession	uniprot_name	uniprot_ec	pfam_ids
0	0	MSYATEKDVSTEKRVALVTGGNKGIGLEICRQLASNDIKVILTARNESRGIEAIEKLKVSGPLDVVFHQLDVKDPSSIARLAKYVELQFKKLDILVNNAGESGIIVREDEFRAFKDGAGYNEVYDENAHLLTEIIEQPPHLGEECIKTNYYGTKGVTEAFLPLLQLSKSLRIVNVSSNYGELKFLPNEKLTQELQDIEHLTNERIDEIIQWXLRDLKANKLLENGWPLTVGAYKISKIAVNAYTRLLARKYQNILVNCVHPGYVITDITSNTGELTSEEGAKAPVMVALLPDDGPSGVYFSRMQITSF	D1MI43	Broad substrate reductase/dehydrogenase		PF00106
0	1	MGDEVVVDHAATKRYAVVTGANKGIGFEICKQLASKGITVILASRDEKRGIEARERLIKELGSEFGDYVVSQQLDVADPASVAALVDFIKTKFGSLDILVNNAGLNGTYMEGDASVLNDYVEAEFKTFQSGAAKTEPYHPKATGRLVETVEHAKECIETNYYGSKRVTEALIPLLQQSDSPRIVNVSSTLSSLVFQTNEWAKGVFSSEEGLTEEKLEEVLAEFLKDFIDGKQQEKQWPPHFSAYKVSKAALNAYTRIIAKKYPSFRINAVCPGYTKTDLSYGHGQFTDAEAAEAPVKLALLPQGGPSGCFFFRDEAFCLY	Q06ZW2	(-)-menthone:(+)-neomenthol reductase	1.1.1.208	PF00106
0	2	MNSKCHCVILNDGNFIPVLGFGTALPLECPKSKAKELTKIAIDAGFHHFDSASVYNTEDHVGEAIRSKIADGTVRREDIFYTSKVWCTSLHPELVRASLERSLQKLQFDYVDLYLIHYPMALKPGEENFPVDEHGKLIFDRVDLCATWEAMEKCKDAGLTKSIGVSNFNYRQLEMILNKPGLKYKPVCNQVECHPYLNQMKLLDFCKSKDIVLVAYGVLGTQRYGGWVDQNSPVLLDEPVLGSMAKKYNRTPALIALRYQLQRGIVVLNTSLKEERIKENMQVFEFQLSSEDMKVLDGLNRNMRYIPAAIFKGHPNWPFLDEY	Q91WR5			PF00248
0	3	MASRLLLNNGAKMPILGLGTWKSPPGQVTEAVKVAIDVGYRHIDCAHVYQNENEVGVAIQEKLREQVVKREELFIVSKLWCTYHEKGLVKGACQKTLSDLKLDYLDLYLIHWPTGFKPGKEFFPLDESGNVVPSDTNILDTWAAMEELVDEGLVKAIGISNFNHLQVEMILNKPGLKYKPAVNQIECHPYLTQEKLIQYCQSKGIVVTAYSPLGSPDRPWAKPEDPSLLEDPRIKAIAAKHNKTTAQVLIRFPMQRNLVVIPKSVTPERIAENFKVFDFELSSQDMTTLLSYNRNWRVCALLSCTSHKDYPFHEEF	P15121			PF00248
0	4	MARHFVLNTGAKIPSVGLGTWQSDPGVVGNAVYAAVKAGYRHIDCARVYGNEKEIGLALKKLFEEGVVKREDLFITSKLWNDHHAPEDVPEALNDSLNDLQLEYLDLYLIHWPFRVKKGTNTSPENFVTPDFPATWGAMEKLYDAGKARAIGVSNFSSKKLGDLLAVARVPPAVDQVECHPGWQQTKLHSFCQSTGVHLTAYSPLGSPGTTWMNGNVLKEPIIISIAEKLGKTSAQVALRWNIQMGHSVLPKSTNEERIKQNLDVYDWSIPDDLLAKFSEIKQARLLRGNFIVNPESVYKTHEELWDGEL	A2T1W7	Aldose reductase		PF00248
0	5	MATFVELSTKAKMPIVGLGTWKSPLGKVKEAVKVAIDAGYRHIDCAYVYQNEHEVGEAIQEKIQEKAVKREDLFIVSKLWPTFFERPLVRKAFEKTLKDLKLSYLDVYLIHWPQGFKSGDDLFPKDDKGNAIGGKATFLDAWEAMEELVDEGLVKALGVSNFSHFQIEKLLNKPGLKYKPVTNQVECHPYLTQEKLIQYCHSKGITVTAYSPLGSPDRPWAKPEDPSLLEDPKIKEIAAKHKKTAAQVLIRFHIQRNVIVIPKSVTPARIVENIQVFDFKLSDEEMATILSFNRNWRACNVLQSSHLEDYPFNAEY	O60218			PF00248
0	6	MEPLKMNNGRSIPVIGLGTWNSPPGEVGAAVKKALEIGYRHLDCAYVYRNEAEIGEALENALNSLRLKREDIFITSKLWNTFFRPEHVRKACEETLKNLRLNYLDLYLIHWPVPLKHGGDLFPTDSNGQLCLDNVPHEDTWKEMEKLVDEGLVKSIGLSNFNKRQIQNILEHCRIKPANLQIEIHANFPNIKLVEYAQSVGLTVTAYAPLGSPAHSPGKVNLLTKPCVLEIAHRHKKTPAQVLLRYLLQRKLIVVPKSVTFKRIEENFQVFDFQLSNEEMHELNTESLNERQFTLLQMSGHQEYPFKEEY	Q5DD64	Aldo-keto reductase family 1 member B10 isoform 2		PF00248
0	7	MASHLELNNGTKMPTLGLGTWKSPPGQVTEAVKVAIDLGYRHIDCAQVYQNEKEVGVALQEKLKEQVVKRQDLFIVSKLWCTFHDKSMVKGAFQKTLSDLQLDYLDLYLIHWPTGFKPGPDYFPLDASGNVIPSDTDFVDTWTAMEQLVDEGLVKTIGVSNFNPLQIERILNKPGLKYKPAVNQIECHPYLTQEKLIEYCHSKGIVVTAYSPLGSPDRPWAKPEDPSLLEDPRIKAIAAKYNKTTAQVLIRFPIQRNLVVIPKSVTPVRIAENLKVFDFEVSSEDMATLLSYNRNWRVCALMSCAKHKDYPFHAEV	P45376			PF00248
0	8	MAHAPCFADAKTQSFKLLSGHSIPAVGLGTWKSGDKAGNAVYTAITEGGYRHIDTAAQYGVHEEVGNALQSALKAGINRKALFVTSKVWCEDLSPERVRPALKNTLEELQLDYLDLYLIHWPIHLKKGAHMPPEAGEVLEFDIGGVWREMEKLVKVGLVRDIGISNFTVKKLEKLLNFAEIKPSVCQMEMHPGWRKHKMFEICRKYGIHTTAYSPLGSSERDLLSDPTVLKIANKLNKSPGQLLVRWAVQRGTSVIPKSTNPERIKENIQVFGWEIPAEDFQILSSLSEQKRVLDGEDLFVNKTHGPFRSAAELWDGEV	Q9XF81	Aldose reductase ALDRXV4		PF00248
0	9	AHNIVLYTGAKMPILGLGTWKSPPGKVTEAVKVAIDLGYRHIDCAHVYQNENEVGLALQAKLQEKVVKREDLFIVSKLWCTYHDKDLVKGACQKTLSDLKLDYLDLYLIHWPTGFKPGKDFFPLDEDGNVIPSEKDFVDTWTAMEELVDEGLVKAIGVSNFNHLQVEKILNKPGLKYKPAVNQIECHPYLTQEKLIQYCNSKGIVVTAYSPLGSPDRPWAKPEDPSILEDPRIKAIADKYNKTTAQVLIRFPIQRNLIVIPKSVTPERIAENFQVFDFELDKEDMNTLLSYNRDWRACALVSCASHRDYPFHEEF	P16116			PF00248
0	10	MSSKPDILTIDPLVPVMKERLEKSFTLHPYTSLENLKNIAPAIRGITTGGGSGVPSEIMDALPNLEVISVNGVGTDRINLDEARRRNIGVAITQNTLTDDVADMAVALMMAVMRSIVTNDAFVRAGKWPSATAPLGRSLTRKKVGIAGFGHIGQAIAKRVSAFGMEVAYFNSHARPESTCHFEPDLKALATWCDVLILAVSGGPRSANMIDRDTLDALGKDGFLVNIARGTVVDEAALLSALQEKRIAGAGLDVFQNEPNINPAFLSLPNTVLQAHQASATVETRTTMANLVVDNLIAYFTDKTLLTPVI	Q5FTU6			PF00389;PF02826
0	11	MEEDSPATVCVTGAAGFIGSWLVMRLLERGYVVHATVRDPGDLKKVKHLLELPKAQTNLKLWKADLTQEGSFDEAIQGCHGVFHLATPMDFESKDPENEIIKPTIEGVLSIIRSCVKAKTVKKLVFTSSAGTVNGQEKQLHVYDESHWSDLDFIYSKKMTAWMYFVSKTLAEKAAWDATKGNNISFISIIPTLVVGPFITSTFPPSLVTALSLITGNEAHYSIIKQGQYVHLDDLCECHIYLYENPKAKGRYICSSHDATIHQLAKIIKDKWPEYYIPTKFPGIDEELPIVSFSSKKLIDTGFEFKYNLEDMFKGAIDTCREKGLLPYSTIKNHINGNHVNGVHHYIKNNDDDHEKGLLCCSKEGQ	P51105			PF01370
0	12	MGSMAETVCVTGASGFIGSWLVMRLMERGYMVRATVRDPENLKKVSHLLELPGAKGKLSLWKADLGEEGSFDEAIKGCTGVFHVATPMDFESKDPENEMIKPTIKGVLDIMKACLKAKTVRRFIFTSSAGTLNVTEDQKPLWDESCWSDVEFCRRVKMTGWMYFVSKTLAEQEAWKFAKEHNMDFITIIPPLVVGPFLIPTMPPSLITALSPITGNEAHYSIIKQGQFVHLDDLCEAHIFLFEHMEVEGRYLCSACEANIHDIAKLINTKYPEYNIPTKFNNIPDELELVRFSSKKIKDLGFEFKYSLEDMYTEAIDTCIEKGLLPKFVKSTNK	Q6TQT1	Dihydroflavanol-4-reductase 1		PF01370
0	13	MGSVSETVCVTGASGFIGSWLVMRLMERGYTVRATVRDPDNMKKVKHLLELPGANSKLSLWKADLGEEGSFDEAIKGCTGVFHVATPMDFESKDPEKEVINPTINGLLDIMKACKKAKTVRRLVFTSSAGTLDVTEQQNSVIDETCWSDVEFCRRVKMTGWMYFVSKTLAEQEAWKFSKEHNIDFVSIIPPLVVGPFIMPSMPPSLITALSLITGYEAHYSIIKQGQYIHLDDLCLAHIFLFENPKAHGRYICCSHEATIHEVAKLINKKYPEFNVPTKFKDIPDDLEIIKFSSKKITDLGFIFKYSLEDMFTGAIETCREKGLLPKVTETPVNDTMKK	Q6TQT0	Dihydroflavonal-4-reductase 2		PF01370
0	14	MVSSTINETLDGKHDINKVGQGETVCVTGASGFIGSWLIMRLLERGYTVRATVRDPDNTKKVQHLLDLPNAKTNLTLWKADLHEEGSFDAAVDGCTGVFHIATPMDFESKDPENEMIKPTINGMLDILKSCVKAKLRRVVFTSSGGTVNVEATQKPVYDETCWSALDFIRSVKMTGWMYFVSKILAEQAAWKYAAENNLEFISIIPPLVVGPFIMPSMPPSLITALSPITRTESHYTIIKQGQFVHLDDLCMSHIFLYENPKANGRYIASACAATIYDIAKMLREEYPEYNVPTKFKDYKEDMGQVQFSSKKLTDLGFEFKYGLKDMYTAAVESCRAKGLLPLSLEHHLCVFRVTLIFFK	P51104			PF01370
0	15	MASESESVCVTGASGFIGSWLVMRLLDRGYTVRATVRDPANKKKVNHLLDLPKAATHLTLWKADLAEEGSFDEAIKGCTGVFHVATPMDFESKDPENEVIKPTINGVLDIMQACLKAKTVRRLVFTSSAGSVNVEETQKPVYNESNWSDVEFCRRVKMTGWMYFASKTLAEQEAWKFAKENNIDFITIIPTLVIGPFLMPSMPPSLITGLSPLTGNESHYSIIKQGQFIHLDDLCQSHIYLYEHPKAEGRYICSSHDATIHEIAKLLKGKYPEYNVPTTFKGIEENLPKVHFSSKKLLETGFEFKYSLEDMFVGAVDACKEKGLLPPPTERVEKQEVDESSVVRVKVTG	Q41158	Dihydroflavonol 4-reductase		PF01370
0	16	MASEAHAVVDAHSPPKTTTVWVTGGAGFIGSWLVMRLLERGYNVHATVRDPENQKKVKHLLELPKADTNLTLWKADLAVEGSFDEAIQGCQGVFHVATPMDFESKDPENEVIKPTVRGMLSIIESCAKANTVKRLVFTSSAGTLDVQEDQKLFYDETSWSDLDFIYAKKMTGWMYFVSKILAEKAAMEEARKNNIDFISIIPPLVVGPFITSTFPPSLITALSLITAHYGIIKQGQYVHLDDLCEAHIFLYEHPKAEGRFICSSHHAIIYDVAKMVRQKWPEYYVPTEFKGIDKDLALVSFSSKKLMDIKFQFKHTLEDMYKGAIETCRQKQLLPFSTRSTADNGKDKEAIPISTENYSSGKENAPVANCTGKFTNGEI	P51107			PF01370
0	17	MKEDSPPTVCVTGAAGFIGSWLVMRLLERGYIVRATVRNPGDMKKVKHLLELPKAETNLTLWKADLTQEGSFDEAIEGCHGVFHVATPMDFESKDPENEIIKPTIEGILSIIRSCAKAKTVKKLVYTSSAGTVNVQETQLPVYDESHWSDLDFIYSKKMTAWMYFVSKTLAEKAAMEAAKENNIDFVSIIPPLVVGPFINPTFPPSLITALSLINGAESHYSIIKQGQYVHLDDLCECHIFLYENPEAKGRYICSKQDATIHQLARMIKQKWPEYHVPTQFAGIDEELPTVSFSSKKLIDMGFKFKYDLEDMFKGAIDSCKEKGFLPYSTNEVKKGLFESSINGNVHGQKGNQKIGDEGVKLVN	P51103			PF01370
0	18	MVSQKETVCVTGASGFIGSWLVMRLLERGYFVRATVRDPGNLKKVQHLLDLPNAKTLLTLWKADLSEEGSYDDAINGCDGVFHVATPMDFESKDPENEVIKPTVNGMLGIMKACVKAKTVRRFVFTSSAGTVNVEEHQKNVYDENDWSDLEFIMSKKMTGWMYFVSKTLAEKAAWDFAEEKGLDFISIIPTLVVGPFITTSMPPSLITALSPITRNEAHYSIIRQGQYVHLDDLCNAHIFLYEQAAAKGRYICSSHDATILTISKFLRPKYPEYNVPSTFEGVDENLKSIEFSSKKLTDMGFNFKYSLEEMFIESIETCRQKGFLPVSLSYQSISEIKTKNENIDVKTGDGLTDGMKPCNKTETGITGERTDAPMLAQQMCA	P51102			PF01370
0	19	MVAHKETVCVTGASGFIGSWLVMRLLERGYFVRATVRDPGNLKKVQHLLDLPNAKTQLTLWKADLSDEGSYDDAINGCDGVFHIATPMDFESKDPENEVIKPTVNGVLGIMKACDKAKTVRRIVFTSSAGTVNVEEHQKNVYDENDWSDLDFIMSKKMTGWMYFMSKTLAEKAAWDYAKEKGIDFISIIPTLVIGPFITTSMPPSLITALSPITRNEAHYSIIRQGQYVHLDDLCNAHIFLYEQAGAKGRYVCSSHDATILTISEFLRQKYPEYNVPSTFEGVDENLKSIMFSSKKLIDMGFNFKYSLEDMLVESIETCRQKGFLPVTLPEHLKSEDKVPGSDDNKEIKNGSAGLTDGMVACKKTEPGMAGEKADSHMSAQQICA	Q5DNA6	Dihydroflavonol-4-reductase		PF01370
0	20	MKDSVASATASAPGTVCVTGAAGFIGSWLVMRLLERGYIVRATVRDPANLKKVKHLLDLPKADTNLTLWKADLNEEGSFDEAIEGCSGVFHVATPMDFESKDPENEVIKPTINGVLSIIRSCTKAKTVKRLVFTSSAGTVNVQEHQQPVFDENNWSDLDFINKKKMTGWMYFVSKTLAEKAAWEAAKENNIDFISIIPTLVVGPFIMPTFPPSLITALSPITRNEGHYSIIKQGQFVHLDDLCESHIFLYERPQAEGRYICSSHDATIHDLAKLMREKWPEYNVPTEFKGIDKDLPVVSFSSKKLIGMGFEFKYSLEDMFRGAIDTCREKGLLPHSFAENPVNGNKV	Q9S787	Alcohol dehydrogenase 6		PF01370
0	21	MMHKGTVCVTGAAGFVGSWLIMRLLEQGYSVKATVRDPSNMKKVKHLLDLPGAANRLTLWKADLVDEGSFDEPIQGCTGVFHVATPMDFESKDPESEMIKPTIEGMLNVLRSCARASSTVRRVVFTSSAGTVSIHEGRRHLYDETSWSDVDFCRAKKMTGWMYFVSKTLAEKAAWDFAEKNNIDFISIIPTLVNGPFVMPTMPPSMLSALALITRNEPHYSILNPVQFVHLDDLCNAHIFLFECPDAKGRYICSSHDVTIAGLAQILRQRYPEFDVPTEFGEMEVFDIISYSSKKLTDLGFEFKYSLEDMFDGAIQSCREKGLLPPATKEPSYATEQLIATGQDNGH	Q84L22	Putative dihydroflavonol 4-reductase		PF01370
0	22	MENVKGPVVVTGASGYVGSWLVMKLLQYGYAIRATVRDPRDLRKTKPLLDIPGADERLTIWKADLSEDASFDEAINGCTGVYHVATPMDFDSKDPENEVIQPTINGVLGIMKSCKKAGTVKRVIFTSSAGTVNVQENQMPEYDESSWSDVDFCRRVKMTGWMYFVSKTLAEKAAWEFAKENDIQLISIIPTLVVGPFITSTMPPSMLTALSLITGNEAHYSILKQIQLVHLDDVCKAHIFLFENPEASGRYICSSYDATIYDLARKIKDRYPQYAIPQKFEGIDDQIKPVHFSSKKLMDLGFKYQYTFEEMFDEGIRSCIEKKLIPHQTQERYYVHDELDLGCSKMTNDKLDLGGSKLNSMDEMVRGHNEQVSVALQ	Q6UAQ7	Dihydroflavonol 4-reductase		PF01370
0	23	MGLGAESGSVCVTGASGFVGSWLVMRLLEHGYTVRATVRDPANLKKVRHLLELPQAATRLTLWKADLDVEGSFDEAIKGCTGVFHVATPMDFESEDPENEVIKPTINGMLDIMKACLKAKTVRRLVFTSSAGAVAIEEHPKEVYSENNWSDVVFCRKVKMTGWMYFVSKTLAEQAAWKFAKENNIDFITIIPTLVIGPFLAPSMPPSLISGLSPLTGNEAHYGIIKQCQYVHLDDLCQSHIFLYEHAKAEGRYICSSHDATIHDIAKLLNEKYPKYNVPKKFKGIEENLTNIHFSSKKLKEMGFEFKHSLEDMFTGAVDACREKGLLPLPQEEETEKRRAG	O22617	Dihydroflavonol 4-reductase		PF01370
0	24	MVDGNHPLLPPKVCVTGAAGFIGSWLVKTLLQRGYHIHATVRDPGNTKKVKHLLELPKADTNLTIWKGVMEEEGSFDEAIAGCEGVFHVATPMDFDSKDPENEVIKPAINGVLNIINSCVKAKTVKRLVFTSSAGTLNVQPQQKPVYDETCWSDLDFIYAKKMTGWMYFASKILAEKEAWKVTKEKKIDFISIIPPLVVGPFITPTFPPSLITALSLITGNQAHYSIIKQGQYVHLDDLCEAHIFLYEHPKAEGRFICSSHHTTIHGLADMITQNWPEYYIPSEFKGIEKDLPVVYFSSKKLQDMGFQFKYSLEDMYRGAIETLRKKGLLPYSTKEAAAIEEEQETVALKVEKPTAIEQKQEAKTVPLKPSAIEQKQETAVPLKLEEEPTAIEQKQEVVPLKA	O24607	Dihydroflavonol 4-reductase		PF01370
0	25	MKDSVASATASAPGTVCVTGAAGFIGSWLVMRLLERGYIVRATVRDPANLKKVKHLLDLPKADTNLTLWKADLNEEGSFDEAIEGCSGVFHVATPMDFESKDPENEVIKPTINGVLSIIRSCTKAKTVKRLVFTSSAGTVNVQEHQQPVFDENNWSDLHFINKKKMTGWMYFVSKTLAEKAAWEAAKENNIDFISIIPTLVGGPFIMPTFPPSLITALSPITRNEGHYSIIKQGQFVHLDDLCESHIFLYERPQAEGRYICSSHDATIHDLAKLMREKWPEYNVPTEFKGIDKDLPVVSFSSKKLIGMGFEFKYSLEDMFRGAIDTCREKGLLPHSFAENPVNGNKV	Q6DT40	Dihydroflavonol 4-reductase		PF01370
0	26	MVQDSPTTVCVTGAAGFIGSWLVMKLLQRGYTVRATVRDPGNMKKVNHLIQLPKAKTNLTLWKADLTQEGSFDEAIEGCHGVFHVATPMDFESKDPENEIIKPTIEGVLSIIRSCVKAKTVKKLVFTSSAGTVNVQEHQLPVYNELDWSDLDFIYSKKMTAWMYFVSKTLAEKAAWEATKENNIEFISIIPTLVVGPFITPSFPPSLITALSLINGAESHYSIIKQGQYVHLDDLCECHIYLYENPKAKGRYICSSHDATIHQLARMMKKKWPEYHVPNQFPGIDKEPPIVSFSSKKLTEMGFEFKYDLEDMFKGAIDSCREKGLLPYSTIKNHKKDDHIHV	A5Z0G1	Dihydroflavonol 4-reductase		PF01370
0	27	MVSKVLLTGASGYIAQHITNELLSHGFKVIGTVRRQEQADQLHKQFSEESSVLQKDPSLLTYVLVPDIGASDAFDEVLKSTPDITYVLHTASPFIFNDDRALEDVYLKPAVEGTRNILSAIKKFANDSVKNVVVTSSFAAILNADKFEDKSFIHTEKVWNNNTWDQTKSGDRGVAYIVSKKEAEKAAWDFVEKEKPNFKLTTVNPPYVFGPQKFDASAKKESLNTSAEIVGSLLHTKYPSDDKLFDDPLNLSVDVRDVALYHVLPLLNADLASRRLLVVQSKFSAQRILNIINENFPELKGKIAVGKPEETARVEAIKGPEYNNSVTVGLTGVDPIPLEKTVVDSVKQILRANK	C4R4L0	Putative dihydrokaempferol 4-reductase		PF01370
0	28	MGSESESVCVTGASGFVASWLVMRLLERGYTLRATVRDPTNAKKVKHLLDLPKAATHLTLWKADLADEGSFDEAIKGCTGVFHVATPMDFESKDPENEVIKPTINGVLDIMKACLKAKTVRRLVFTASAGSVNVEETQKPVYNESNWSDVEFCRRVKMTGWMYFVSKTLAEQEAWKFAKGNNIDLITIIPTLVIGPFLMPAMPPSLITGLSPLFGNEGHYSIIKQGQFVHLDDLCQSHIYLYEHPKAEGRYICSSHDATIHEIGKLLREKYPEYNVPTKFKGIEDNLTKVHFSSKKLLETGFEFKYSLEDMFVGAVDACKAKGLLPPPTERVEKQENGDSSVVHVEVTG	A0A0A0PVL7	Dihydroflavonol 4-reductase		PF01370
0	29	KMTGWMYFVSKTLAEQAAWDFAQKNDIDLITIIPTLVVGPFIMQAMPPSMITALALLTRNEAHYMILRQVQLVHLDDLCMAHIFLYEHPEAKGRYICSSRDTTIVELSKMLAEKHPEYNIPTEFKDADEMLKAVPFSSKKLLDMGFKFQYTMEEMFDGAIHSCKEKGLLV	I6XNY7	Dihydroflavonol-4-reductase		PF01370
0	30	MDGSKGPVVVTGASGFVGSWLVMKLLQVGYTVRATVRDPANVEKNKPLLELPGAKERLSIWKADLSDQGSFDDAIAGCTGVFHVATPMDFDSQDPENEVIKPTVEGMLSIMRACKEAGTVKRIVFTSSAGSVNIEERQRPAYDQDNWSDIDFCRRVKMTGWVYFVSKALAEKAAMEYASENGLDFISIIPTLVVGTFLSAGMPPSLVTALALITGNEAHYSILKQVQLVHLDDLCDAMTFLFEHPEANGRYICSSHDATIHGLATMLRDGFPEYRIPHKFPGVDDDLQPIHFSSRKLLDHGFSFRYTAEDMFDAVIRTCREKGLIPLGDAPPPAAAGKLGALAAGEGQAIGAET	Q75QJ0	Dihydroflavonol-4-reductase		PF01370
0	31	MGLGAESGSVCVTGASGFVGSWLVMRLLERGYTVRATVRDPANLKKVRHLLELPQAATLLTLWKADLDIEGSFDEAIKGCTGVFHVATPMDFESEDPENEVIKPTINGMLDIMKACLKAKTVRRVVFTSSAGAVAIEEHRKEVYSENNWSDVVFCRKVKMTGWMYFVSKTLAEQAAWKFAKENNIDFITIIPTLVIGPFLAPSMPPSLISGLSPLTGNEAHYGIIKQCQYVHLDDLCQSHIFLYEHPKAEGRYICSSHDATIHDIAKLLNERYPKYNVPKKFKGIEENLTNIHFSSKKLKEMGFEFKHSLEDMFTGAVDACRAKGLLPLPQEE	A0A0A0PTI9	Dihydroflavonol 4-reductase		PF01370
0	32	MTVETVCVTGAAGFIGSWLVMRLLERGYLVRATVRNPDNLKKLRHLLELPNAKSKLTLWKADLTEDGSYDDAIKGCTGVFHVATPMDFESKDPENEVIKPTIEGMLGIMKSCVKAKTVRRLVFTSSAGTVNVEEHQQAEYDENSWTDVDFCRTRKMTGWMYFVSKTLAEKAAWEFAQQNNIDFISIIPTLVVGPFLMPSMPPSLITALSPITGNRSHYSILKQIQLVHLDDLCNAHIYLFEHLESNGRYICSSHDATITDVANLLRHKFPEYNVPTKFMGVDENLKAVVFSSKRLKDLGFNYKYTMEDMFVGAVTTCRRKGILPFTNKPKSATKWSN	A0A0C6EUC4	DFR protein		PF01370
0	33	MTVETVCVTGAAGFIGSWLVMRLLERGYLVRATVRNPDNLKKLRHLLELPNAESNLTLWKADLTEDGSYDDAIKGCSGVFHVATPMDFESKDPENEVIKPTVEGMLSIMESCVKAKTVRRLVFTSSAGTVNFEEHQQAEYDENSWTDVEFCRTRKMTGWMYFVSKTLAEKAAWEFARQNKMDFISIIPTLVVGPFLMPSMPPSLITALSPITGNQSHYSILKQIQLVHLDDLCNAHIYLYEHPESNGRYICSSHDSTITDVANLLRRKFPEYNVPTKFVGVDENLKTVVFSSKRLKDLGFNYKYTMEDMFVGAVTTCRLKGILPFGKSATKWSN	A0A0C6E754	DFR protein		PF01370
0	34	MTVETVCVTGAAGFIGSWLVMRLLERGYLVRATVRNPDNLKKLRHLLELPNAESNLTLWKADLTEDGSYDDAIKGCSGVFHVATPMDFESKDPENEVIKPTVEGMLSIMESCVKAKTVRRLVFTSSAGTVNFEEHQQAEYDENSWTDVEFCRTRKMTGWMYFVSKTLAEKAAWEFARQNKMDFISIIPTLVVGPFLMPSMPPSLITALSPITGNQSHYSILKQIQLVHLDDLCNAHIYLYEHPESNGRYICSSHDSTITDVANLLRRKFPEYNVPTKFVGVDENLKTVVFSSKRLKDLGFNYKYTMEDMFVGAVTTCRLKGILPFGKSATKWSN	A0A0C6ENR6	DFR protein		PF01370
0	35	MNGEGKVVCVTGASGYIASWIVKLLLQRGYTVRATVRDPNNQKKTDHLLQLDGAKERLSLFGANLLEEGSFQHAIDGCEAVFHTASPVLLTAEDPQAELIEPAVKGTLNVLKTCVKMSSVKRVILTSSMAAVIAHASPTGPNGVVDETMFSDPSFCEQRKQWYALSKTLAEDEACKFAKANEMDLIVMNPGLVIGPILQPTLNFSVGVVVELTKGKDPFMSKSYRFVDVRDVSLAHIKALETPSANGRYIIDGPVIATLKDIEKVLREFVPDLCIGDDKNNEDIDLDLVTYKVSVEKVRSLGIEFTPTETSLRDTVLSLKEKCLL	M4FB76			PF01370
0	36	MNGGGKVVCVTGASGYIASWIVKLLLLRGYTVKATVRDPKDQKKTDHLLALDGARERLQLFKASLLEEGSFEHAIDGCDAVFHTASPVKIIATDPQAELIEPAVKGTINVLTTCTKVSSVKRVILTSSMATLLSPNFPLGPNVLLDETTFSDPSQWYILSKTLAENAAWTFAKDNNLDLVVMNPGLVIGPVLQPTINFSVDVVIDFIKGKNTFNRKHHRLVDVRDVALAHIKALETPSANGRYIIDAPIVTTEEIEKILREFFPDLCIAHENEDIDLNSMAYEVNVEKVKSLGIEFTPTETSLRDTVLSLKEKHLV	M4ES88			PF01370
0	37	MAKETVCVTGANGFIGSWIIRTLLDNGYTKIHASIYPGSDPTHLLKLPRPDDTNTEIKIFEADLLDPDAIARAVDGCAGVFHVASPCTLDPPEDPEKELVEPAVKGTINVLLAANRFNVRRVVITSSISALVTNPNWPEGKPVDESSWTDLDYCKSMQKWYPISKTLAEKAAWEFSEKHRTNVVTIHPSTCLGPLLQPSLNASCAVLLQLLQGSTETQEHHWLGVVHVRDVAKAHVMLFETPEASGRFLCSNGIYQFSEFAALVSKLFPEFDVHKFDKETQPGLTPCKDAAKRLIELGMVFTPVEDAVKETVQSIRDKGFL	M4ECU0			PF01370
0	38	MAEYLVTGGTSFIASHVVKALLDFGYFEKLADRDIYGTRNLMNSCEKSRNTVKRIVLTSSSTSVRYSYDATKASPLKGSHWSDLEYFRSFSIWYGYAKTLVEKEAWLIAAEKNLNLVVVIPSFCIGPILSPKPTSSPSIFLSIIKGVHGEYPNFRGGFVHIDDVAAAQILAMKEPKASGRIICSSSVAHWCGSEEGRDMPHSLDTRKIHELGFRSFKSLPEMFDDCIKCFKDKGLL	M4E7J2			PF01370
0	39	MEEPKASGRIICSSSVAHWSEIIEMLRPKYPLYPFETQCGSEEGRDMPHSLDTRKIHELGFGSFKSLAEMFDDCIKCFQDKGLL	M4E7J1	Uncharacterized protein		
0	40	MVDDLTCCRKCVGSKKSQPETELDSDCESSNQNRGTVLNNIKMGEYLVTGGTSFIASHVVKALLDLGHSVRTTVRDSSDEEKVRFLWELKGAKERLKIFEADLTVEGSFDEAVKGVDGVFHIASRVTVCLDKNDLEKLVDRDINGTRNLMNSCEKSRNTVKRIVLTSSSTAVRYRYDATEASPLNESHYSDLDYCRNFKIWYGYAKTLGEKEAWTIAAEKNLDLVVVIPSFCIGPILSPEPTSSPLILLSIIKGVRGDYPNVTGGFVHIEDVVAAQILAMEEPKASGRFICSSSVAHWSEIIEMLRPKYPLYPFETKCSSEEGKDMPHSLDTTKIRELGLPPFKSLAEMFDDCIKCFQDKGLL	M4E7I9			PF01370
0	41	MGSESESVCVTGASGFVGSWLVMRLLERGYTVRATVRDPTNAKKVKHLLDLPKAATHLTLWKADLADEGSFDEAIKGCSGVFHVATPMDFESKDPENEVIKPTINGVLDIMKACLKAKTVRRLVFTASAGSVNVEETQKPVYNESNWSDVEFCRRVKMTGWMYFVSKTLAEQEAWKFAKENNIDFITIIPTLVIGPFLMPAMPPSLITGLSPLFGNEGHYSIIKQGQFVHLDDLCQSHIYLYEHPKAEGRYICSSHDATIHEIAKLLREKYPEYNVPTKFKGIEDNLTKVHFSSKKLLETGFEFKYSLEDMFVGAVDACKAKGLLPPPTERVEKQEAGDSGVVHVEVTG	A0A0A0PTJ7	Dihydroflavonol 4-reductase		PF01370
0	42	MSSEEEKTVCVTGASGYIASWIVKLLLLRGYTVKASVRDPNDPRKTEHLLALEGAEERLQLFKANLLEEGSFDSAIDGCQGVFHTASPFYHDVKDPQAELLDPAVKGTINVLSTCLKTPSVKRVVLTSSIAAVAFNGMPRTPDTIVDESWFADPEYCRAAKLWYVLSKTLAENAAWKFAKENDMQLVSINAAMVIGPLLQPTLNTSAAAVLSLIKGAQTFPNATFGWVNVKDVANAHIQAFENPDANGRYCLVERVAHYSEVVNILHDLYPDFQLPEKCADEKIFIPTYKVSKEKAESLGVEFVPLEVSIKETVESLQDKGFIRF	M4E380			PF01370
0	43	MNVGGKVVCVTGASGYIASWIVKLLLLRGYTVRATVRNPTDAAKTEHILALEGAKERLKLFKADLLEECSFEQAIECCDAVFHTASPVKFIVTNPQTELIDPALKGTMNVLNTCKKTSSVKRVIVTSSMAAVIVRQPPLEPNDVVDESFFSDPSVCMETEYWYPLSKTLAENVAWQFSKENGMDMVFINPGFIIGPLLQPTLNFSVEMIVDMINGKNPFNSIYYRFVDVRDVALAHVKALETPSANGRYIMDGASMTIYEIKEIMRELFPDMCVADTKEEGEIKEIIYKVCVEKVKNLGVEFTPLKSSLRDTIISLKEKCLV	M4DU28			PF01370
0	44	MNGGGKVVCVTGASGYIASWIVKLLLLRGYTVRATVQNPTDTAETEHLLALEGAKERLKLFKADLLEDCSFEKAIEGCDAVFHTASPVKFIVTDPQTELIDPAVKGTLNVLNTCKKTSSVKRVIVTSSTAAVLVRQPPLEPNDVVDETFFSDPSVCMERKLWYPLSKTLAENVAWQFAKDNGMDMVVVNPGFIIGPLLQPTLNFSVEIIVDMVKGKNPFNCRYYSFVDVRDVALAHVKALETPSANGRYIISGPSVTINHIKETMRELFPKLCIDDTNGEGLMDGVNCTICVDKVKNLGVEFTPLKSSLRDTIISLKEKWLL	M4DU27			PF01370
0	45	MNCGGKVVCVTGASGYIASWIVKLLLLRGYTVRATVRNPTDKAKTEHLLALEGAKERLQLFKADLLEECSFEQAIQGCDAVFHTASPVKYIVTDPQTELIDPAVKGTINVLNTCKKTSSVKRVILTSSTAAVLVRPLEPNDVVDETFFSDPSVCTELKLWYPLSKTLAENAAWQFTKDNGMDMVVIIPGFVIGPLLQPTLNFSDGFIVDMINGKNPFNCINYRFVDVRDVALAHVKALEIPSANGRYLIDGPSMMTIYEIRETMRELFPDLCIADMNGESEMKDIMTKEIIYEVCVEKVKNLGIEFTPLKSSLTDTIISLKDKCLL	M4DU26			PF01370
0	46	MELNGEEGKATTYCVTGASGYIGSWLVKSLLERGYTVHATLRDLAKSQYFQSKWRGNERLRIFRSDLQDGGSFDDAVKGCDGVFHVAASMEFDISPDQVNLESYVQSKVIDPAIKGVRNVLGSCLKSNSVKRVVFTSSISTLTAKDENERWRSIVDETCKTPIDHVLKTKASGWVYVLSKLVSEEEAFRYAKESGMDLVSVITTTVSGPFCTPSLPSSLQVLLSPITGDSKLFGILSAVNKRMGSIGLVHIEDICMAHLFLMEEPKAEGQYICCVDNIDMHELMLNHFSKEHLCKVHKLDDDLEERQSLMKPMISSKKLKDLGFEYKYSIDEIIRQTIDASISFRFPTLDHKLK	M4DRB9			PF01370
0	47	MDQTKGKVCVTGASGFLASWLVKRLLLEGYEVTGTVRDPGNEKKLAHLWKLEGAKERLRLVKADLMEDGSFDNAIMGCHGEEILKPAIEGTLNVLRSCRKNQSLKRVVLTSSSSTVRIRDDFDPNIPLDESVWTSVELCKRFQVWYALSKTLAEQAAWKFCEENSIDLVTVLPSFLVGPSLPPDLCSTASDVLGLLKGETEKFQWHGQMGYIHIDDVARTHILVFEQEAAKGRYICSSKVVSLEELVSFLSTRYPSLPIPKRFKKLNRLHYDLDTSKIKSLGLEFKPLEEMFDDCIASFVEQGYLSHVVS	M4D235			PF01370
0	48	MGSESESVCVHGASGFVGSWLVMRLLERGYTVRATVRDPTNAKKVKHLLDLPKAATHLTLWKADLADEGSFDEAIKGCTGVFHVATPMDFESKDPENEVIKPTINGVLDIMKACLKAKTVRRLVFTASAGSVNVEETQKPVYNESNWSDVEFCRRVKMTGWMYFVSKTLAEQEAWKFAKENNIDFITIIPTLVIGPFLMPAMPPSLITGLLPLFGNEGHYSIIKQGQFVHLDDLCQSHIYLYEHPKAEGRYICSSHDATIHEIGKLLREKYPEYNVPTKFKGIEDNLTKVHFSSKKLLETGFEFKYSLEDMFVGAVDACKAKGLLPPPTERVEKQENGDSSVVHVEVTG	A0A0A0PVL5	Dihydroflavonol 4-reductase		PF01370
0	49	MGLGAESGSVCVTGASGFVGSWLVMRLLERGYTVRATVRDPANLKKVRHLLELPQAATLLTLWKADLDIEGSFDEAIKGCTGVFHVATPMDFESEDPENEVIKPTINGMLDIMKACLKAKTVRRVVFTSSAGAVAIEEHRKEVYSENNWSDVVFCRKVKMTGWMYFVSKALAEQAAWKFAKENNIDFITIIPTLVIGPFLAPSMPPSLISGLSPLTGNEAHYGIIKQCQYVHLDDLCQSHIFLYEHPKAEGRYICSSHDATIHDIAKLLNERYPKYNVPKKFKGIEENLTNIHFSSKKLKEMGFEFKRSLEDMFTGAVDACRAKGLLPLPQEE	A0A0A0PVL2	Dihydroflavonol 4-reductase		PF01370
0	50	MGLGAESGSVCVTGASGFVGSWLVMRLLEHGYTVRATVRDPANLKKVRHLLELPQAATRLTLWKADLDVEGSFDEAIKGCTGVFHVATPMDFESEDPENEVIKPTINGMLDIMKACLKAKTVRRVVFTSSAGAVAIEEHRKEVYSENNWSDVVFCRKVKMTGWMYFVSKTLAEQAAWKFAKENNIDFITIIPTLVIGPFLAPPMPPSLISGLSPLTGNEAHYGIIKQCQYVHLDDLCQSHIFLYEHPKAEGRYICSSHDATIHDIAKLLNERYPKYNVPKKFKGIEENLTNIHFSSKKLKEMGFEFKHSLEDMFTGAVDACRAKGLLPLPQEE	A0A0A0PXZ7	Dihydroflavonol 4-reductase		PF01370
0	51	MGLGAESGSVCVTGASGFVGSWLVMRLLEHGYTVRATVRDPANLKKVRHLLELPQAATRLTLWKADLDVEGSFDEAIKGCTGVFHVATPMDFESEDPENEVIKPTINGMLDIMKACLKAKTVRRVVFTSSAGAVAIEEHRKEVYSENNWSDVVFCRKVKMTGWMYFVSKTLAEQAAWKFAKENNIDFITIIPTLVIGPFLAPSMPPSLISGLSPLTGNEAHYGIIKQCQYVHLDDLCQSHIFLYEHPKAEGRYICSSHDATIHDIAKLLNEKYPKYNVPKKFKGIEENLTNIHFSSKKLKEMGFEFKHSLEDMFTGAVDACREKGLLPLPQEEETEKRRAG	Q5UL14	Dihydroflavonol 4-reductase		PF01370
0	52	MGSESESVCVTGASGFVGSWLVMRLLERGYTVRATVRDPTNAKKVKHLLDLPKAATHLTLWKADLADEGSFDEAIKGCTGVFHVATPMDFESKDPENEVIKPTINGVLDIMKACLKAKTVRRLVFTASAGSVNVEETQKPVYNESNWSDVEFCRRVKMTGWMYFVSKTLAEQEAWKFAKENNIDFITIIPTLVIGPFLMPAMPPSLITGLSPLFGNEGHYSIIKQGQFVHLDDLCQSHIYLYEHPKAEGRYICSSHDATIHEIGKLLREKYPEYNVPTKFKGIEDNLTKVHFSSKKLLETGFEFKYSLEDMFVGAVDACKAKGLLPPPTERVEKQENGDSSVVHVEVTG	A0A0A0PTJ4	Dihydroflavonol 4-reductase		PF01370
0	53	MGSESESVCVTGASGFVGSWLVMRLLERGYTVRATVRDPTNAKKVKHLLDLPKAATHLTLWKADLADEGSFDEAIKGCSGVFHVATPMDFESKDPENEVIKPTINGVLDIMKACLKAKTVRRLVFTASAGSVNVEENQKPVYNESNWSDVEFCRRVKMTGWMYFVSKTLAEQEAWKFAKENNIDFITIIPTLVIGPFLMPAMPPSLITGLSPLFGNEGHYSIIKQGQFVHLDDLCQSHIYLYEHPKAEGRYICSSHDATIHEIAKLLREKYPEYNVPTKFKGIEDNLTKVHFSSNKLLETGFEFKYSLEGMFVGAVDACKAKGLLPPPTERVEKQEAGDSSVVHVEVSG	A0A0A0PV90	Dihydroflavonol 4-reductase		PF01370
0	54	MGSESESVCVTGASGFIGSWLVMRLLEHGYTVRATVRDPTNQKKVKHLLDLPKAETHLTLWKADLADEGSFDEAIQGCSGVFHVATPMDFESKDPENEVIKPTINGLLDILKACQKAKTVRKLVFTSSAGTVNVEEHQKPVYDESNWSDVEFCRSVKMTGWMYFVSKTLAEQAAWKYAKENNIDFITIIPTLVIGPFLMPSMPPSLITGLSPILRNESHYGIIKQGQYVHLDDLCLSHIYLYEHPKAEGRYICSSHDATIHELVKMLREKYPEYNIPTKFKGIDDNLEPVHFSSKKLREIGFEFKYSLEDMFVGAVDACRAKGLIPIPIPAEKTEAAEESNLVDVKVG	Q9XES5			PF01370
0	55	MSSSAGNKKTMKTACVTGGSGYIGSALIKLLLEKGYAVKTTVRNPDDMEKNSHLKDLQKLGPLTVFRADMDEEGSFDDAVAGCDYVFLVAAPLHFEAQDPEKEQIEPAIQGTLNTMRSCVKAGTVRRVILTSSVAAVYFRPDLLGDGHGHVLDEDSWSDVDFLRAHKPPTWSHCVSKVLLEKEAGRFAEEHGISLVTILPVIVVGAAPAPKARSSIVDCLSMLSGDEAGLAMLRAIQKTSGEVQLVHVDDLCRAELFLAENATANGRYICSRYHPTLVELATFLAQKYPQYGVKPTDFDDEERPRVTMSLEKLIREGFEYKHNTLEEIYDNVVEYGKALGILPY	C5YGL7	3-deoxyanthocyanidin synthase		PF01370
0	56	MAGRWNLEGCTALVTGGSRGIGYGIVEELASLGASVYTCSRNQKELNDCLTQWRSKGFKVEASVCDLSSRSERQELMNTVANHFHGKLNILVNNAGIVIYKEAKDYTVEDYSLIMSINFEAAYHLSVLAHPFLKASERGNVVFISSVSGALAVPYEAVYGATKGAMDQLTRCLAFEWAKDNIRVNGVGPGVIATSLVEMTIQDPEQKENLNKLIDRCALRRMGEPKELAAMVAFLCFPAASYVTGQIIYVDGGLMANCGF	P50163			
0	57	MGDAEHGKSRIAGRWSLEGMTALVTGGTRGIGNAVVEELAELGAVVYTCSRKESELNDCLKKWEGLGLRVSGSICDLSVREQRVDLIQKVSSAFDGKLNILINNVGTNIRKPTVDYSEEDYSFIMKTNFDAAFHICQLAHPLLKASGNGSIVFISSVAGVVAISSGVIYAATKAAMNQITKNLACEWAKDNIRINSVSPWYIKTSLVNHLLEKENFLNSVVSRTPLNRVGEAEEVSSLVAFLCMPCASYITGQIISVDGGMTVNGFYPYPKA	H9BQR9	Tropinone reductase II		
0	58	MEAIGVLMMCPMSTYLEQELDKRFKLFRYWTQPAQRDFLALQAESIRAVVGNSNAGADAELIDALPKLEIVSSFSVGLDKVDLIKCEEKGVRVTNTPDVLTDDVADLAIGLILAVLRRICECDKYVRRGAWKFGDFKLTTKFSGKRVGIIGLGRIGLAVAERAEAFDCPISYFSRSKKPNTNYTYYGSVVELASNSDILVVACPLTPETTHIINREVIDALGPKGVLINIGRGPHVDEPELVSALVEGRLGGAGLDVFEREPEVPEKLFGLENVVLLPHVGSGTVETRKVMADLVVGNLEAHFSGKPLLTPVV	Q65CJ7			PF00389;PF02826
0	59	MKKPQVLILGRIKESLPEYVSFQTKFECIRYTASSVDQLIKDFSSSLRNIQAIYGNWGGLASFGGFKGKLLEAAPRSLKIIAICQVGYDEFDLAAMKERGIILTNVPTPLAFEAVADLVLYNTLMAFRNFKLYENNMSPTLNNTNLLRNSLVNGQFDQETGKCIVPPIVGCAFADSVCERENLSPRGHNAVIIGFGRIGKLAAQRLNAIGMNIHYVKRTQCSPEVEQELSFPVTYHKSIEEAGRIADLLVICCPGTPSTKHLINSDTLDKMEKQIRIINIGRGTVIDENALVCGLKSDKVAFAALDVFEEEPFIHPGLIGRQDVHLTPHIGSSTSELFNYTAKQAMQNISTALYNTNEEMNLVV	F1T2J9	Phenylpyruvate reductase		PF00389;PF02826
0	60	MSSRQPFVRLNDGHCIPALGFGTYKPIEVPKSKSLEAANLAIGVGYRHIDTAYAYQIEEEIGQAIQSNIKAGIVKREDMFITTKLWCTCFQPELVRPSLEKSLKKLQLEHVDLFIMHYPVPMKAGDNDFPLDEQGKLLLDTVDFCATWEALEKCKDAGLVKSIGVSNFNHRQLERILNKPGLKYKPVCNQVECHVYNNQSKLLDYCKSKDIVLVAFGALGTQRYKEWVDQDSPVLLNDPVLCGVAKKNKRSPALIALRYLVQRGVVPLAQSFYESEMKENLQVFEFQLSPEDMKILDGLNKNFRYLPAQFFADHPEYPFSEEY	A0A097ZMY7	Morphine-6-dehydrogenase		PF00248
0	61	MESNGVPMITLSSGIRMPALGMGTAETMVKGTEREKLAFLKAIEVGYRHFDTAAAYQTEECLGEAIAEALQLGLIKSRDELFITSKLWCADAHADLVLPALQNSLRNLKLDYLDLYLIHHPVSLKPGKFVNEIPKDHILPMDYKSVWAAMEECQTLGFTRAIGVCNFSCKRLQELMETANSPPVVNQVEMSPTLHQKNLREYCKANNIMITAHSVLGAVGAAWGTNAVMHSKVLHQIAVARGKSVAQVSMRWVYQQGASLVVKSFNEARMKENLKIFDWELTAEDMEKISEIPQSRTSSAAFLLSPTGPFKTEEEFWDEKD	Q9SQ70			PF00248
0	62	MESNGVPMITLSSGIRMPALGMGTAETMVKGTEREKLAFLKAIEVGYRHFDTAAAYQSEECLGEAIAEALQLGLIKSRDELFITSKLWCADAHADLVLPALQNSLRNLKLEYLDLYLIHHPVSLKPGKFVNEIPKDHILPMDYKTVWAAMEECQTLGFTRAIGVSNFSCKKLQELMAAAKIPPVVNQVEMSPTLHQKNLREYCKANNIMITAHSVLGAIGAPWGSNAVMDSKVLHQIAVARGKSVAQVSMRWVYQQGASLVVKSFNEGRMKENLKIFDWELTAEDMEKISEIPQSRTSSADFLLSPTGPFKTEEEFWDEKD	Q9SQ67			PF00248
0	63	MPETCPNTVTKRRCAVVTGGNKGIGFEICKQLSSNGIMVVLTCRDVTKGHEAVEKLKNSNHENVVFHQLDVTDPIATMSSLADFIKTHFGKLDILVNNAGVAGFSVDADRFKAMISDIGEDSEELVKIYEKPEAQELMSETYELAEECLKINYNGVKSVTEVLIPLLQLSDSPRIVNVSSSTGSLKYVSNETALEILGDGDALTEERIDMVVNMLLKDFKENLIETNGWPSFGAAYTTSKACLNAYTRVLANKIPKFQVNCVCPGLVKTEMNYGIGNYTAEEGAEHVVRIALFPDDGPSGFFYDCSELSAF	Q071N0			PF00106
0	64	MPETCPNTVTKMRCAVVTGGNKGIGFEICKQLSSSGIMVVLTCRDVTRGLEAVEKLKNSNHENVVFHQLDVTDPITTMSSLADFIKARFGKLDILVNNAGVAGFSVDADRFKAMISDIGEDSEEVVKIYEKPEAQELMSETYELAEECLKINYYGVKSVTEVLLPLLQLSDSPRIVNVSSSTGSLKYVSNETALEILGDGDALTEERIDMVVNMLLKDFKENLIETNGWPSFGAAYTTSKACLNAYTRVLAKKIPKFQVNCVCPGLVKTEMNYGIGNYTADEGAKHVVRIALFPDDGPSGFFYDCSELSAF	A4UHT7			PF00106
0	65	MGSVGLLKNSAMVCAPLMAPSVEQLVHGMLQAKAQGADLVEIRLDGINNFQPQKDLQVLLNNNPLPVLIVYRPIWEGNEFEEDDDHIHKQLEVLRWAKELGADYIELDLKIASDFTKKEKPRWSSGCKVIASCFVDNVTSKEDLSQVVAHMQSTGADILKIVTNANDITELEKMFHLLSHCQVPLIAYSLGERGLISQLLGPKFGSVLVYGSLDCNAVPGLPTLGSLRQAYGVDFMDTDTKVFGLISKPVGHSKGPILHNPTFRHVGYNGIYVPMFVDDLKEFFRVYSSPDFAGFSVGIPYKEAVVSFCDEVDPLAKSIGAVNTIIQRPCDGKLIGYNTDCEASITAIEDALKVNGLTNGAAFLPSPLAGKLFVLVGAGGAGRALAFGAKSRRAEIVIFDIDFDRAKALAAAVSGEALPFENLASFQPEKGAILANATPIGMHPNKDRIPVSEASLKDYVVVFDAVYTPRKTTLLKDAEAAGAITVSGVEMFLRQAIGQFHLFTRTKAPEEFMRDIVMAKF	Q6PUG0	3-dehydroquinate dehydratase / shikimate dehydrogenase isoform 2	1.1.1.25	PF01487;PF18317;PF08501
0	66	MAASSTNARLTNPPRLLSKPRLSPTSVANLRFPAADFSTRFFADSSSPRLRSVPFPVVFSDQRRRRSMEPSNVYVASNSTEMEIGSHDIVKNPSLICAPVMADSIDKMVIETSKAHELGADLVEIRLDWLKDFNPLEDLKTIIKKSPLPTLFTYRPKWEGGQYEGDENERRDVLRLAMELGADYIDVELQVASEFIKSIDGKKPGKFKVIVSSHNYQNTPSVEDLDGLVARIQQTGADIVKIATTAVDIADVARMFHITSKAQVPTIGLVMGERGLMSRILCSKFGGYLTFGTLDSSKVSAPGQPTIKDLLDLYNFRRIGPDTKVYGIIGKPVSHSKSPIVHNQAFKSVDFNGVYVHLLVDNLVSFLQAYSSSDFAGFSCTIPHKEAALQCCDEVDPLAKSIGAVNTILRRKSDGKLLGYNTDCIGSISAIEDGLRSSGDPSSVPSSSSPLASKTVVVIGAGGAGKALAYGAKEKGAKVVIANRTYERALELAEAIGGKALSLTDLDNYHPEDGMVLANTTSMGMQPNVEETPISKDALKHYALVFDAVYTPRITRLLREAEESGAITVSGSEMFVRQAYEQFEIFTGLPAPKELYWQIMSKY	Q9SQT8			PF01487;PF18317;PF01488;PF08501
0	67	MSEGPKKAGVLGSPIAHSRSPQLHLAAYRALGLHDWTYERIECGAAELPVVVGGFGPEWVGVSVTMPGKFAALRFADERTARADLVGSANTLVRTPHGWRADNTDIDGVAGALGAAAGHALVLGSGGTAPAAVVGLAELGVTDITVVARNSDKAARLVDLGTRVGVATRFCAFDSGGLADAVAAAEVLVSTIPAEVAAGYAGTLAAIPVLLDAIYDPWPTPLAAAVGSAGGRVISGLQMLLHQAFAQVEQFTGLPAPREAMTCALAALD	P95001	Shikimate 5-dehydrogenase	1.1.1.25	PF18317;PF08501
0	68	MGSHITHRAAVLGSPIEHSKSPVLHNTGYKALGLDQWEYDRFECTGDMLPGIVSGADETYRGFSVTMPSKFAALEFADEVTERARAIGSANTLLRTETGWRADNTDVDGIRGALGELLGSASLAGKHAIVIGSGGTARPAIWALIEAGVARITVLNRSDRTAELQTLFDETPTTLAYAPLEHLDIEADVVVSTVPSAAIAGLEDTLAIAPVLDVIYDPWPTPLVEVARAKGLKAVGGHVMLAHQSYGQFEQFTGMDAPRDAMREALEESLGISEEH	A4QEK4			PF18317;PF01488;PF08501
0	69	MSEGPKKAGVLGSPIAHSRSPQLHLAAYRALGLHDWTYERIECGAAELPVVVGGFGPEWVGVSVTMPGKFAALRFADERTARADLVGSANTLVRTPHGWRADNTDIDGVAGALGAAAGHALVLGSGGTAPAAVVGLAELGVTDITVVARNSDKAARLVDLGTRVGVATRFCAFDSGGLADAVAAAEVLVSTIPAEVAAGYAGTLAAIPVLLDAIYDPWPTPLAAAVGSAGGRVISGLQMLLHQAFAQVEQFTGLPAPREAMTCALAALD	A5U5Q2	Shikimate 5-dehydrogenase		PF18317;PF08501
0	70	MKKVERFEVPRTIIFGPGALEKTPEVIPPSGRVLIITGKSSTRKYAERVAELLKQNCEIISYDQVELEKPGFDLVIGIGGGRPLDMAKVYSYIHKKPFVAIPTSASHDGIASPYVSFSLTQRFSKYGKISSSPVAIIADTSIILSAPSRLLKAGIGDLLGKIIAVRDWQLAHRLKGEEYSEYAAHLSLTSYKIAVGNAQKIKNFIREEDVRVLVKALIGCGVAMGIAGSSRPCSGSEHLFAHAIEVRVEKEDEVVHGELVALGTIIMAYLHGINWRRIKRIADIIGLPTSLRQANIDVDLALEALTTAHTLRPDRYTILGDGLSREAAKRALEDVELI	A3MTM6			PF13685
0	71	MIIVTPRYTIIEDGAINKIEEILKKLNLKNPLVITGKNTKKYCRFFYDIVYYDEILNNLEIELKKYTAYDCVIGIGGGRSIDTGKYLAYKLGIPFISVPTTASNDGIASPIVSIRQPSFMVDAPIAIIADTEIIKKSPRRLLSAGMGDIVSNITAVLDWKLAYKEKGEKYSESSAIFSKTIAKELISYVLNSDLSEYHNKLVKALVGSGIAIAIANSSRPASGSEHLFSHALDKLKEEYNLNINSLHGEQCGIGTIMMSYLHEKENKKLSGLHEKIKMSLKKVDAPTTAKELGFDEDIIIEALTMAHKIRNRWTILRDGLSREEARKLAEETGVI	Q58122			PF13685
0	72	MMTLNSLSPAESKAISFLDTSRFNPIPKLSGGFSLRRRNQGRGFGKGVKCSVKVQQQQQPPPAWPGRAVPEAPRQSWDGPKPISIVGSTGSIGTQTLDIVAENPDKFRVVALAAGSNVTLLADQVRRFKPALVAVRNESLINELKEALADLDYKLEIIPGEQGVIEVARHPEAVTVVTGIVGCAGLKPTVAAIEAGKDIALANKETLIAGGPFVLPLANKHNVKILPADSEHSAIFQCIQGLPEGALRKIILTASGGAFRDWPVEKLKEVKVADALKHPNWNMGKKITVDSATLFNKGLEVIEAHYLFGAEYDDIEIVIHPQSIIHSMIETQDSSVLAQLGWPDMRLPILYTMSWPDRVPCSEVTWPRLDLCKLGSLTFKKPDNVKYPSMDLAYAAGRAGGTMTGVLSAANEKAVEMFIDEKISYLDIFKVVELTCDKHRNELVTSPSLEEIVHYDLWAREYAANVQLSSGARPVHA	Q9XFS9			PF08436;PF02670;PF13288
0	73	MALRIASPNELGRASLLDWSSGLASSESSQSTGRKIQYGLSMRNRTRPAFERTVNCSLNGPPPAWPGRAVVDEDRKVWDGPKPFSIVGSTGSIGTQTLDIVAEHPDKFRVVALAAGSNVALLADQVRQFKPKLVAIRNESLITELKAALSDFEPKPEIISGEEGIVEVARHPEAVSVVTGIVGCAGLKPTVAAIEAGKDIALANKETLIAGGPFVLPLAHKHKVKILPADSEHSAIFQCIQGLPEGGLRRIILTASGGAFRDWPVGKLKEVKVSDALKHPNWNMGKKITVDSATLFNKGLEVIEAHYLYGADYDNIEIVIHPQSIVHSMVETQDSSVLAQLGWPDMRLPILYTMSWPERVPCSEVTWPRLDLCKSGSLTFKAPDCVKYPSMDLAYSAGRAGGTMTGVLSAANEKAVELFIEEKISYLDIFKVVEMTCDKHKNELVLQPSLEEIIYYDQWARQYATSLVRSSLEPIAV	Q5J7B3			PF08436;PF02670;PF13288
0	74	MALNLEIKALSFLDSSKSSYNLNPLKLHGGFAFKRKDSRCSAPNRVHCSAQPPPPAWPGRAVYEPGRKTWEGPKPISVIGSTGSIGTQTLDIVAESPDKFRVVALAAGSNVALLADQVKAFKPKLVSIKDESLVSELKEALADVEDKPEIIPGEQGMIEVARHPDAVTVVTGIVGCAGLKPTVAAIEAGKDIALANKETLIAGGPFVLPLAHKHNAKILPADSEHSAIFQCIQGLPEGALRRIILTASGGAFRDLPVEKLKDVKVADALKHPNWNMGKKITVDSATLFNKGLEVIEAHYLFGAEYDDIEIVIHPQSIIHSMVETQDSSVLAQLGWPDMRLPILYTLSWPDRVYCSEVTWPRLDLCKVSLTFKTPDHVKYPSMALAYAAGRAGGTMTGVLSAANEKAVEMFINEIGYLDIFKVVELTCDKHRAELVASPSLEEIVHYDQWARDYAAELHRSAAGLSPALV	Q6R3F4			PF08436;PF02670;PF13288
0	75	MKKYIYIYFFFITITINDLVINNTSKCVSIERRKNNAYINYGIGYNGPDNKITKSRRCKRIKLCKKDLIDIGAIKKPINVAIFGSTGSIGTNALNIIRECNKIENVFNVKALYVNKSVNELYEQAREFLPEYLCIHDKSVYEELKELVKNIKDYKPIILCGDEGMKEICSSNSIDKIVIGIDSFQGLYSTMYAIMNNKIVALANKESIVSAGFFLKKLLNIHKNAKIIPVDSEHSAIFQCLDNNKVLKTKCLQDNFSKINNINKIFLCSSGGPFQNLTMDELKNVTSENALKHPKWKMGKKITIDSATMMNKGLEVIETHFLFDVDYNDIEVIVHKECIIHSCVEFIDKSVISQMYYPDMQIPILYSLTWPDRIKTNLKPLDLAQVSTLTFHKPSLEHFPCIKLAYQAGIKGNFYPTVLNASNEIANNLFLNNKIKYFDISSIISQVLESFNSQKVSENSEDLMKQILQIHSWAKDKATDIYNKHNSS	O96693			PF08436;PF02670;PF13288
0	76	MALNLLSPAEIKAISFLDSTKSSHLTKLPGSFSLNRKDFGAAFGKKVQCSAQPPPPAWTGRAFPDLGRKTWDGPKPISVVGSTGSIGTQTLDIVAENPDKFRVVALAAGSNVTLLADQVKTFKPQLVAVRNESLVHELREALADVEEKPEIIPGEQGVVEVARHPDAVSVVTGIVGCAGLKPTVAAIEAGKDICLANKETLIAGGPFVLPLAHKYNVKILPADSEHSAIFQCIQGLPDGALRRIILTASGGAFRDWPVDKLKEVKVADALKHPNWNMGKKITVDSATLFNKGLEVIEAHYLFGAEYDNIEIVIHPQSIIHSMVETQDSSVLAQLGWPDMRLPILYTMSWPDRIYCSEITWPRLDLCKLGSLTFKAPDNVKYPSMDLAYAAGRAGGTMTGVLSAANEKAVEMFINEKIGYLDIFKIVELTCDKHRSELVASPSLEEIIHYDLWARDYAASLQPTSGLSPVLA	A9ZN08			PF08436;PF02670;PF13288
0	77	MKQLTILGSTGSIGCSTLDVVRHNPEHFRVVALVAGKNVTRMVEQCLEFSPRYAVMDDEASAKLLKTMLQQQGSRTEVLSGQQAACDMAALEDVDQVMAAIVGAAGLLPTLAAIRAGKTILLANKESLVTCGRLFMDAVKQSKAQLLPVDSEHNAIFQSLPQPIQHNLGYADLEQNGVVSILLTGSGGPFRETPLRDLATMTPDQACRHPNWSMGRKISVDSATMMNKGLEYIEARWLFNASASQMEVLIHPQSVIHSMVRYQDGSVLAQLGEPDMRTPIAHTMAWPNRVNSGVKPLDFCKLSALTFAAPDYDRYPCLKLAMEAFEQGQAATTALNAANEITVAAFLAQQIRFTDIAALNLSVLEKMDMREPQCVDDVLSVDANAREVARKEVMRLAS	P45568			PF08436;PF02670;PF13288
0	78	MEERTLVILGATGSIGTQTLDVLKKVKGIRLIGISFHSNLELAFKIVKEFNVKNVAITGDVEFEDSSINVWKGSHSIEEMLEALKPDITMVAVSGFSGLRAVLASLEHSKRVCLANKESLVCGGFLVKKKLKEKGTELIPVDSEHSAIFQVMEPEVEKVVLTASGGALRDWKISKIDRARPEDVLKHPVWNMGARITVDSATMVNKAFEVLEAMELFELPFEKIEVKIHREGLVHGAVVLPDGNVKMVVSPPDMRIPISYALFYPRRVALEPFFLRTISLSFEDPDPEKYPAFFLLKEIKDSYALRTAFNAADEVAVEAFLKGRIRFGGIHRVIEKTLEEFQGYPQPRTLDDVERIHFEAIKKAERVTEWLSSTSY	Q9WZZ1			PF08436;PF02670;PF13288
0	79	MTNSTDGRADGRLRVVVLGSTGSIGTQALQVIADNPDRFEVVGLAAGGAHLDTLLRQRAQTGVTNIAVADEHAAQRVGDIPYHGSDAATRLVEQTEADVVLNALVGALGLRPTLAALKTGARLALANKESLVAGGSLVLRAARPGQIVPVDSEHSALAQCLRGGTPDEVAKLVLTASGGPFRGWSAADLEHVTPEQAGAHPTWSMGPMNTLNSASLVNKGLEVIETHLLFGIPYDRIDVVVHPQSIIHSMVTFIDGSTIAQASPPDMKLPISLALGWPRRVSGAAAACDFHTASSWEFEPLDTDVFPAVELARQAGVAGGCMTAVYNAANEEAAAAFLAGRIGFPAIVGIIADVLHAADQWAVEPATVDDVLDAQRWARERAQRAVSGMASVAIASTAKPGAAGRHASTLERS	P9WNS1			PF08436;PF02670;PF13288
0	80	MTLRLPLSGEIGGVSFWESSRGTFTQRKVCLPLRQKQKGAAIQFWRTCCSMQQGPPPAWPGRAVAEPGRKSWDGPKPISIVGSTGSIGTQTLDIVAENPDKFRVVALAAGSNVTLLADQIKTFKPQLVSVRNESLVAELKNALEDVEHKPEIIPGEEGIVEVARHPDAVTVVTGIVGCAGLKPTVAAIEAGKDIALANKETLIAGGPFVLPLAHKHNVKILPADSEHSAIFQCIQGLPEDALRRIILTASGGAFRDLPVEKLKDVKVADALKHPNWNMGKKITVDSATLFNKGLEVIEAHYLFGADYDNIEIVIHPQSIIHSMVETQDSSILAQLGWPDMRLPILYTLSWPERIYCSETTWPRLDLCKQGLLTFKAPDNVKYPSMDLAYAAGRAGGTMTGVLSAANEKAVEMFINEKINYLDIFKAVELTCDAHRSELIANPSLEEIVHYDLWARDYAANLQFSSGRSPVAA	C6G1Y8			PF08436;PF02670;PF13288
0	81	MKQLTILGSTGSIGNSTLSVVRANPELFKVTALVAGRNVREMAQQCLEFSPRYAAMSDEHSAKSLRLLLAEQGSDTEVYSGETAACELAALDDVDQVMAAIVGIAGLPSTLAAIRAGKQVLLANKESLITCGKLFMDEVKRSRAQLLPIDSEHNAIFQSLPERIQRQLGYSSLNENGVSRIILTGSGGPFRETPLSQFSDVTPDQACAHPNWSMGRKISVDSATMMNKGLEYIEARWLFNASAEQIEVVLHPQSVIHSMVRYHDGSILAQMGTPDMRTPIAHAMAYPMRVSSGVAPLDFCKVGALTFTTPDYQRYPCLKLAIDACNAGQAATTALNAANEISVMAFLDSKIRFTDIEVINRTVVEGLLLSEPTSVEEVLVIDRKARDVAAQVIAKLNN	Q8ZH62			PF08436;PF02670;PF13288
0	82	MSKQRVFIAGHRGMVGSAIRRQLEQRGDVELVLRTRDELNLLDSRAVHDFFASERIDQVYLAAAKVGGIVANNTYPADFIYQNMMIESNIIHAAHQNDVNKLLFLGSSCIYPKLAKQPMAESELLQGTLEPTNEPYAIAKIAGIKLCESYNRQYGRDYRSVMPTNLYGPHDNFHPSNSHVIPALLRRFHEATAQNAPDVVVWGSGTPMREFLHVDDMAAASIHVMELAHEVWLENTQPMLSHINVGTGVDCTIRELAQTIAKVVGYKGRVVFDASKPDGTPRKLLDVTRLHQLGWYHEISLEAGLASTYQWFLENQDRFRG	P32055			PF01370
0	83	MKTILVTGGTGLVGSAIKKVVETTEKRDDEKWVFIGSKDCDLENLEETRELFESVKPTHVIHLAAMVGGLFHNLAHNLQFFRKNMAINDNVLALCHEFDVIKCVSCLSTCIFPDKTSYPIDETMVHLGPPHDSNFGYSYAKRMIDVLNKGYAQEHGRKYTSVVPCNVFGPHDNYNLQSGHVLPALIHKAYVAQRDGTPLQVYGSGTPLRQFIYSIDLARLFIRVVREYEDVEPIILSVNESDEVSIRDAVSAVVKAIDFTGDVEYDTSKADGQFKKTASNEKLLKLFPDFQFTPFEQAIQESVQWFVDNYETARK	G5EER4			PF01370
0	84	MKKVLVTGGTGLVGKALEAVIKEQSPEDEQWFFAGSKDADLTNLAATQALFAREKPTHVIHLAAMVGGLFHNMNNNLDFLRNNLLINDNVLQTAHEQGCVKVVSCLSTCIFPDKTSYPIDETMVHNGPPHPSNYGYSYAKRLIDVQNHAYHDKYGRVYTSVIPCNIFGPHDNYNPEVSHVIPGMIYRMHQLVTEKTDVPENDKVFTVFGSGMPLRQFVYSRDLAELMIWVLRNYESVEPIILSADEVQEVTIFEVAQAVAKAFNFNGRLVCDTSKSDGQYKKTASNAKLRSFLPDYAFTDLETAINASVKWYIENYDQARK	Q9W1X8			PF01370
0	85	MSPSKSVIMVTGGSGLVGKAIDWVVENDSKYGKREGEEWVFLTSKDGNLIDPAQTKAIFEKYRPTHVIHLAAKVGGLFGNMAANLDYFRDNLLINDNVLHNAKEFGVKKVVSCLSTCIFPDKTSYPIDETMVHQGPPHDSNYGYSHSKRMVDVMNRAYNQQYGCNFTSVIPTNVFGPHDNFHLVNSHVIPGLIHKCYLAQQNNTPFIMAGTGRPLRQFIYSRDLARLFIWTLREYQEITPLILSVPEEEEVSIKQVGDSIVKAMGYTGDYRFDTTKADGQYKKTASNKKLMSLNPDFQFTPFDVALSETVEWFKENVDTIRK	D3JU54			PF01370
0	86	MTRICLVTGGTGLLGSSLREVIKNENKNIIEKENEIIVNSNENKNIITKYIFLSSEMCDLKDYDKSKLVFEKYNFTDIIHFAAHVGGLYANKNNNLDFLINNLEISMNVIKLCHKYSISRGIFTLSTCIFPVNCSLPLTEEKIHDGKCHQSNEGYSVSKRVLEVLVRFYREKYNYEWICIIPTNIYGKYDNFNLENAHVIPSIIHKMYLAKVNNTNVYLLGDGSAVRQFIYNIDVNKILYYILNHYYSKNLTIIKDNIYNIIFSTNLPSNELSIKELADKIKYYLKFNNKILFDTTKDNGIHKKTSSNDTLMKLLDNSFTFTELDNGLKETIDWFIDEYKNVRK	A0A143ZXB3			PF01370
0	87	MHIERLAVDESVGRAMPPQRFIEALSDLGVPVEFAGEDEQFGPGDAVASFGHRDAFLDADWVHCIRAGYDEFPVGVYEEAGTYLTNSTGIHGTTVGETVAGYMLTFARRLHAYRDAQHDHAWDLPRYEEPFTLAGERVCVVGLGTLGRGVVDRAAALGMEVVGVRRSGDPVDNVSTVYTPDRLHEAIADARFVVLATPLTDETEGMVAAPEFETMREDASLVNVARGPVVVESDLVAALDSGDIAGAALDVFSEEPLPEDSPLWDFEDVLITPHVSAATSKYHEDVAALIRENIEKIATGDELTNRVV	Q2VEQ7			PF02826
0	88					
0	89	MAIPAFGLGTFRLKDDVVISSVITALELGYRAIDTAQIYDNEAAVGQAIAESGVPRHELYITTKIWIENLSKDKLIPSLKESLQKLRTDYVDLTLIHWPSPNDEVSVEEFMQALLEAKKQGLTREIGISNFTIPLMEKAIAAVGAENIATNQIELSPYLQNRKVVAWAKQHGIHITSYMTLAYGKALKDEVIARIAAKHNATPAQVILAWAMGEGYSVIPSSTKRKNLESNLKAQNLQLDAEDKKAIAALDCNDRLVSPEGLAPEWD	P30863			PF00248
0	90	MSVVGTGQFFGSPEEERDKLMQSLMDQKNKLSKSEGIPFVTLNDGKTIPQLGFGVFKVDPDEAERVVTEALEVGYRHIDTAAIYGNEEGVGRAIAKSGIPREELFITTKLWNDRHLDVEAAFEESLQKLGLDYVDLYLVHWPAPKNDNYVAAWKGLEKLGDRARSIGVCNFLPEHLEKLLAEATTVPAINQIELHPALQQRDAVEASLAAGITVESWGPLGQGRFDLGAEEPIAAAAKNHGKTPAQVVIRWHLQNGFVVFPKTVTKSRMVENIDVFDFELSDEEMAAITALERNDRGGSHPNDLN	H9CWC0	2,5-diketo-D-gluconic acid reductase	1.1.1.274	PF00248
0	91	MEVSKAATPLVRITLKVNGKTYTHHVPPRMLLVHFLRDVLGLTGTHVGCDTSNCGACTVLVNGKAVKSCTVYTFMVDGAEITTIEGLEQNGKLHPIQEAFWENHGLQCGFCTPGMIMTLHDFLSRNKSPTESEVRRAIEGNLCRCTGYVNIVRSALWAAERMRGG	B8YAC9	Carbon-monoxide dehydrogenase small subunit	1.2.99.2	PF00111;PF01799
0	92	MFLLTPVLVAVVCILMVWIFKNADGATKRREEEPRARAEARPWVDEDLKDSTDVLQVEEDADEWQESEEEVEHVPFSHTRYPEKEMVRRSQEFYELLNKRRSVRFISNERVPMEVIDNVIKAAGTAPSGAHTEPWTFVVVKDPDVKHRIREIMEEEEKINYLKRMGPRWVTDLKKLRTNWIKEYWDTAPVLILIFKQVHGFAANGKKKIHYYNEISVSIACGIFLAALQNAGLVTVTTTPFNCGPRLRVFLNRPANEKLLMFLPVGYPSKEATVPDLPRKPLDQIMVTV	Q6TA49			PF00881
0	93	MFLLTPVLVAVVCILVVWVFKNADRNLEKKKEEAQVQPWVDEDLKDSTEDLQVEEDAEEWQEAEESVEHIPFSHTRYPEQEMRMRSQEFYELLNKRRSVRFISSEHVPMEVIENVIKAAGTAPSGAHTEPWTFVVVKDPDMKHKIREIIEEEEEINYMKRMGKRWVTDLKKLRTNWIKEYLDTAPVLILIFKQVHGFAANGKKKVHYYNEISVSIACGLLLAALQNAGLVTVTTTPLNCGPRLRVLLGRPSHEKLLVLLPVGYPSRDATVPDLKRKALDQIMVTV	Q9DCX8			PF00881
0	94	MYFLTPILVAILCILVVWIFKNADRSMEKKKGEPRTRAEARPWVDEDLKDSSDLHQAEEDADEWQESEENVEHIPFSHNHYPEKEMVKRSQEFYELLNKRRSVRFISNEQVPMEVIDNVIRTAGTAPSGAHTEPWTFVVVKDPDVKHKIRKIIEEEEEINYMKRMGHRWVTDLKKLRTNWIKEYLDTAPILILIFKQVHGFAANGKKKVHYYNEISVSIACGILLAALQNAGLVTVTTTPLNCGPRLRVLLGRPAHEKLLMLLPVGYPSKEATVPDLKRKPLDQIMVTV	Q6PHW0			PF00881
0	95	MKPCSVLVVGGTGYIGKRIVSASLYLGHDTYVLKRPGTGLDIEKLQLLLSFKKRGAHLVEASFSDHDSLVRAVRLVDVVICTMSGVHFRSHNILLQLKLVEAIKEAGNVKRFIPSEFGMDPARMGQAMEPGRETFDQKMVVRKAIEEANIPHTYISANCFAGYFVGNLSQLGTLTPPSDKVIIYGDGNVKVVYVDEDDVAKYTIKAIEDDRTVNKTVYLRPPENMMSQRELVAVWEKLSGNQLEKIELPPQDFLALMEGTTVAEQAGIGHFYHIFYEGCLTNFEINAENGEEEASRLYPEVEYTRVHDYLKIYL	A3R052			PF05368
0	96	MGESKRTEKTRVLVVGATGYIGKRIVRACLAEGHETYVLQRPEIGLEIEKVQLFLSFKKLGARIVEGSFSDHQSLVSAVKLVDVVVSAMSGVHFRSHNILVQLKLVEAIKEAGNVKRFLPSEFGMDPPRMGHALPPGRETFDQKMEVRQAIEAAGIPYTYVVGACFAAYFAGNLSQMVTLLPPKEKVNIYGDGNVKVVFADEDDIAKYTAKTLNDPRTLNKTVNIRPPDNVLTQLELVQIWEKLTGKELEKTNIAAQDFLANIEQMEIPHQAGIGHFYHIFYEGCLTDHEVGEDEEASSLYPDVKYKRMDDYLRMFL	Q9FVQ6			PF05368
0	97	MKETNFGEKTRVLVVGGTGSLGRRIVSACLAEGHETYVLQRPEIGVDIEKVQLLLSFKRLGAHLVEGSFSDHQSLVSAVKQVDVVVSAMSGVHFRTHNIPVQLKLVAAIKEAGNVKRFLPSEFGMDPSRMGHAMPPGSETFDQKMEIRNAIKAAGISHTYLVGACFAAYFGGNLSQMGTLFPPKNKVDIYGDGNVKVVFVDEDDMAKYTAKTLNDPRTLNKTVYVRPTDNILTQMELVQIWEKLTEKELEKTYVSGNDFLADIEDKEISHQAGLGHFYHIYYEGCLTDHEVGDDEEATKLYPDVKYKRMDEYLKIFV	Q9SVP6			PF05368
0	98	MTSQGRIVITGASGQYGRLATDLLIAQGLADRLILITRSPARLADRVAQGCTVRYGDYDKPETLADAVRDAEKMLLISGTRVGARVVQHKAAINAAAAAGVRHILYTSFIGIDDPANPAEVRHDHIETERLMRASGMAWTALRDAHYADAMLLMAGPGMMATGQWVSNAGDGREAMVWRDDCVACAVAVLTTPGHENKVYNITGPALQTFDEVAALVREITGRPLEHVKVGDEGQYALFDAMGIPRRPVDDQYVRGIPWNSDDMVTFGRAIREGFLEICTDDVEKLTGRKARSVRQMIEENRAMLQAAADNAAQPA	G2IMF2	Putative oxidoreductase		PF13460
0	99	MGKSKVLIIGGTGYLGRRLVKASLAQGHETYILHRPEIGVDIDKVEMLISFKMQGAHLVSGSFKDFNSLVEAVKLVDVVISAISGVHIRSHQILLQLKLVEAIKEAGNVKRFLPSEFGMDPAKFMDTAMEPGKVTLDEKMVVRKAIEKAGIPFTYVSANCFAGYFLGGLCQFGKILPSRDFVIIHGDGNKKAIYNNEDDIATYAIKTINDPRTLNKTIYISPPKNILSQREVVQTWEKLIGKELQKITLSKEDFLASVKELEYAQQVGLSHYHDVNYQGCLTSFEIGDEEEASKLYPEVKYTSVEEYLKRYV	P93143			PF05368
